unit,sex,age,region,year,value
YR,F,Y1,AZ,2019,78.6
YR,F,Y10,AZ,2019,69.9
YR,F,Y11,AZ,2019,68.9
YR,F,Y12,AZ,2019,67.9
YR,F,Y13,AZ,2019,66.9
YR,F,Y14,AZ,2019,65.9
YR,F,Y15,AZ,2019,65.0
YR,F,Y16,AZ,2019,64.0
YR,F,Y17,AZ,2019,63.0
YR,F,Y18,AZ,2019,62.0
YR,F,Y19,AZ,2019,61.1
YR,F,Y2,AZ,2019,77.7
YR,F,Y20,AZ,2019,60.1
YR,F,Y21,AZ,2019,59.1
YR,F,Y22,AZ,2019,58.1
YR,F,Y23,AZ,2019,57.1
YR,F,Y24,AZ,2019,56.2
YR,F,Y25,AZ,2019,55.2
YR,F,Y26,AZ,2019,54.2
YR,F,Y27,AZ,2019,53.2
YR,F,Y28,AZ,2019,52.3
YR,F,Y29,AZ,2019,51.3
YR,F,Y3,AZ,2019,76.7
YR,F,Y30,AZ,2019,50.3
YR,F,Y31,AZ,2019,49.3
YR,F,Y32,AZ,2019,48.4
YR,F,Y33,AZ,2019,47.4
YR,F,Y34,AZ,2019,46.4
YR,F,Y35,AZ,2019,45.4
YR,F,Y36,AZ,2019,44.5
YR,F,Y37,AZ,2019,43.5
YR,F,Y38,AZ,2019,42.5
YR,F,Y39,AZ,2019,41.6
YR,F,Y4,AZ,2019,75.8
YR,F,Y40,AZ,2019,40.6
YR,F,Y41,AZ,2019,39.6
YR,F,Y42,AZ,2019,38.7
YR,F,Y43,AZ,2019,37.7
YR,F,Y44,AZ,2019,36.8
YR,F,Y45,AZ,2019,35.8
YR,F,Y46,AZ,2019,34.9
YR,F,Y47,AZ,2019,33.9
YR,F,Y48,AZ,2019,33.0
YR,F,Y49,AZ,2019,32.1
YR,F,Y5,AZ,2019,74.8
YR,F,Y50,AZ,2019,31.1
YR,F,Y51,AZ,2019,30.2
YR,F,Y52,AZ,2019,29.3
YR,F,Y53,AZ,2019,28.4
YR,F,Y54,AZ,2019,27.5
YR,F,Y55,AZ,2019,26.6
YR,F,Y56,AZ,2019,25.7
YR,F,Y57,AZ,2019,24.8
YR,F,Y58,AZ,2019,23.9
YR,F,Y59,AZ,2019,23.1
YR,F,Y6,AZ,2019,73.8
YR,F,Y60,AZ,2019,22.2
YR,F,Y61,AZ,2019,21.4
YR,F,Y62,AZ,2019,20.5
YR,F,Y63,AZ,2019,19.7
YR,F,Y64,AZ,2019,18.9
YR,F,Y65,AZ,2019,18.1
YR,F,Y66,AZ,2019,17.3
YR,F,Y67,AZ,2019,16.6
YR,F,Y68,AZ,2019,15.9
YR,F,Y69,AZ,2019,15.1
YR,F,Y7,AZ,2019,72.8
YR,F,Y70,AZ,2019,14.4
YR,F,Y71,AZ,2019,13.7
YR,F,Y72,AZ,2019,13.1
YR,F,Y73,AZ,2019,12.4
YR,F,Y74,AZ,2019,11.7
YR,F,Y75,AZ,2019,11.1
YR,F,Y76,AZ,2019,10.4
YR,F,Y77,AZ,2019,9.8
YR,F,Y78,AZ,2019,9.3
YR,F,Y79,AZ,2019,8.8
YR,F,Y8,AZ,2019,71.8
YR,F,Y80,AZ,2019,8.3
YR,F,Y81,AZ,2019,7.8
YR,F,Y82,AZ,2019,7.4
YR,F,Y83,AZ,2019,7.0
YR,F,Y84,AZ,2019,6.7
YR,F,Y9,AZ,2019,70.8
YR,F,Y_GE85,AZ,2019,6.4
YR,F,Y_LT1,AZ,2019,78.9
YR,M,Y1,AZ,2019,74.2
YR,M,Y10,AZ,2019,65.5
YR,M,Y11,AZ,2019,64.5
YR,M,Y12,AZ,2019,63.5
YR,M,Y13,AZ,2019,62.5
YR,M,Y14,AZ,2019,61.6
YR,M,Y15,AZ,2019,60.6
YR,M,Y16,AZ,2019,59.6
YR,M,Y17,AZ,2019,58.6
YR,M,Y18,AZ,2019,57.7
YR,M,Y19,AZ,2019,56.7
YR,M,Y2,AZ,2019,73.3
YR,M,Y20,AZ,2019,55.8
YR,M,Y21,AZ,2019,54.8
YR,M,Y22,AZ,2019,53.9
YR,M,Y23,AZ,2019,52.9
YR,M,Y24,AZ,2019,51.9
YR,M,Y25,AZ,2019,51.0
YR,M,Y26,AZ,2019,50.0
YR,M,Y27,AZ,2019,49.1
YR,M,Y28,AZ,2019,48.1
YR,M,Y29,AZ,2019,47.2
YR,M,Y3,AZ,2019,72.3
YR,M,Y30,AZ,2019,46.2
YR,M,Y31,AZ,2019,45.3
YR,M,Y32,AZ,2019,44.3
YR,M,Y33,AZ,2019,43.3
YR,M,Y34,AZ,2019,42.4
YR,M,Y35,AZ,2019,41.4
YR,M,Y36,AZ,2019,40.5
YR,M,Y37,AZ,2019,39.6
YR,M,Y38,AZ,2019,38.6
YR,M,Y39,AZ,2019,37.7
YR,M,Y4,AZ,2019,71.3
YR,M,Y40,AZ,2019,36.8
YR,M,Y41,AZ,2019,35.8
YR,M,Y42,AZ,2019,34.9
YR,M,Y43,AZ,2019,34.0
YR,M,Y44,AZ,2019,33.1
YR,M,Y45,AZ,2019,32.2
YR,M,Y46,AZ,2019,31.3
YR,M,Y47,AZ,2019,30.4
YR,M,Y48,AZ,2019,29.6
YR,M,Y49,AZ,2019,28.7
YR,M,Y5,AZ,2019,70.3
YR,M,Y50,AZ,2019,27.9
YR,M,Y51,AZ,2019,27.0
YR,M,Y52,AZ,2019,26.2
YR,M,Y53,AZ,2019,25.3
YR,M,Y54,AZ,2019,24.5
YR,M,Y55,AZ,2019,23.7
YR,M,Y56,AZ,2019,22.9
YR,M,Y57,AZ,2019,22.1
YR,M,Y58,AZ,2019,21.4
YR,M,Y59,AZ,2019,20.6
YR,M,Y6,AZ,2019,69.4
YR,M,Y60,AZ,2019,19.9
YR,M,Y61,AZ,2019,19.2
YR,M,Y62,AZ,2019,18.5
YR,M,Y63,AZ,2019,17.8
YR,M,Y64,AZ,2019,17.1
YR,M,Y65,AZ,2019,16.5
YR,M,Y66,AZ,2019,15.8
YR,M,Y67,AZ,2019,15.2
YR,M,Y68,AZ,2019,14.7
YR,M,Y69,AZ,2019,14.1
YR,M,Y7,AZ,2019,68.4
YR,M,Y70,AZ,2019,13.5
YR,M,Y71,AZ,2019,12.9
YR,M,Y72,AZ,2019,12.4
YR,M,Y73,AZ,2019,11.9
YR,M,Y74,AZ,2019,11.3
YR,M,Y75,AZ,2019,10.8
YR,M,Y76,AZ,2019,10.3
YR,M,Y77,AZ,2019,9.9
YR,M,Y78,AZ,2019,9.5
YR,M,Y79,AZ,2019,9.1
YR,M,Y8,AZ,2019,67.4
YR,M,Y80,AZ,2019,8.8
YR,M,Y81,AZ,2019,8.5
YR,M,Y82,AZ,2019,8.2
YR,M,Y83,AZ,2019,8.0
YR,M,Y84,AZ,2019,7.8
YR,M,Y9,AZ,2019,66.4
YR,M,Y_GE85,AZ,2019,7.7
YR,M,Y_LT1,AZ,2019,74.3
YR,T,Y1,AZ,2019,76.5
YR,T,Y10,AZ,2019,67.7
YR,T,Y11,AZ,2019,66.7
YR,T,Y12,AZ,2019,65.7
YR,T,Y13,AZ,2019,64.8
YR,T,Y14,AZ,2019,63.8
YR,T,Y15,AZ,2019,62.8
YR,T,Y16,AZ,2019,61.8
YR,T,Y17,AZ,2019,60.9
YR,T,Y18,AZ,2019,59.9
YR,T,Y19,AZ,2019,58.9
YR,T,Y2,AZ,2019,75.5
YR,T,Y20,AZ,2019,58.0
YR,T,Y21,AZ,2019,57.0
YR,T,Y22,AZ,2019,56.0
YR,T,Y23,AZ,2019,55.1
YR,T,Y24,AZ,2019,54.1
YR,T,Y25,AZ,2019,53.1
YR,T,Y26,AZ,2019,52.2
YR,T,Y27,AZ,2019,51.2
YR,T,Y28,AZ,2019,50.2
YR,T,Y29,AZ,2019,49.3
YR,T,Y3,AZ,2019,74.5
YR,T,Y30,AZ,2019,48.3
YR,T,Y31,AZ,2019,47.3
YR,T,Y32,AZ,2019,46.4
YR,T,Y33,AZ,2019,45.4
YR,T,Y34,AZ,2019,44.5
YR,T,Y35,AZ,2019,43.5
YR,T,Y36,AZ,2019,42.5
YR,T,Y37,AZ,2019,41.6
YR,T,Y38,AZ,2019,40.6
YR,T,Y39,AZ,2019,39.7
YR,T,Y4,AZ,2019,73.6
YR,T,Y40,AZ,2019,38.7
YR,T,Y41,AZ,2019,37.8
YR,T,Y42,AZ,2019,36.9
YR,T,Y43,AZ,2019,35.9
YR,T,Y44,AZ,2019,35.0
YR,T,Y45,AZ,2019,34.1
YR,T,Y46,AZ,2019,33.2
YR,T,Y47,AZ,2019,32.3
YR,T,Y48,AZ,2019,31.4
YR,T,Y49,AZ,2019,30.5
YR,T,Y5,AZ,2019,72.6
YR,T,Y50,AZ,2019,29.6
YR,T,Y51,AZ,2019,28.7
YR,T,Y52,AZ,2019,27.8
YR,T,Y53,AZ,2019,26.9
YR,T,Y54,AZ,2019,26.1
YR,T,Y55,AZ,2019,25.2
YR,T,Y56,AZ,2019,24.4
YR,T,Y57,AZ,2019,23.5
YR,T,Y58,AZ,2019,22.7
YR,T,Y59,AZ,2019,21.9
YR,T,Y6,AZ,2019,71.6
YR,T,Y60,AZ,2019,21.1
YR,T,Y61,AZ,2019,20.3
YR,T,Y62,AZ,2019,19.6
YR,T,Y63,AZ,2019,18.8
YR,T,Y64,AZ,2019,18.1
YR,T,Y65,AZ,2019,17.4
YR,T,Y66,AZ,2019,16.6
YR,T,Y67,AZ,2019,16.0
YR,T,Y68,AZ,2019,15.3
YR,T,Y69,AZ,2019,14.7
YR,T,Y7,AZ,2019,70.6
YR,T,Y70,AZ,2019,14.0
YR,T,Y71,AZ,2019,13.4
YR,T,Y72,AZ,2019,12.8
YR,T,Y73,AZ,2019,12.2
YR,T,Y74,AZ,2019,11.5
YR,T,Y75,AZ,2019,10.9
YR,T,Y76,AZ,2019,10.3
YR,T,Y77,AZ,2019,9.8
YR,T,Y78,AZ,2019,9.4
YR,T,Y79,AZ,2019,8.9
YR,T,Y8,AZ,2019,69.6
YR,T,Y80,AZ,2019,8.5
YR,T,Y81,AZ,2019,8.1
YR,T,Y82,AZ,2019,7.7
YR,T,Y83,AZ,2019,7.4
YR,T,Y84,AZ,2019,7.1
YR,T,Y9,AZ,2019,68.7
YR,T,Y_GE85,AZ,2019,6.9
YR,T,Y_LT1,AZ,2019,76.6
YR,F,Y1,AZ,2018,78.1
YR,F,Y10,AZ,2018,69.3
YR,F,Y11,AZ,2018,68.3
YR,F,Y12,AZ,2018,67.3
YR,F,Y13,AZ,2018,66.4
YR,F,Y14,AZ,2018,65.4
YR,F,Y15,AZ,2018,64.4
YR,F,Y16,AZ,2018,63.4
YR,F,Y17,AZ,2018,62.4
YR,F,Y18,AZ,2018,61.5
YR,F,Y19,AZ,2018,60.5
YR,F,Y2,AZ,2018,77.2
YR,F,Y20,AZ,2018,59.5
YR,F,Y21,AZ,2018,58.5
YR,F,Y22,AZ,2018,57.5
YR,F,Y23,AZ,2018,56.6
YR,F,Y24,AZ,2018,55.6
YR,F,Y25,AZ,2018,54.6
YR,F,Y26,AZ,2018,53.6
YR,F,Y27,AZ,2018,52.6
YR,F,Y28,AZ,2018,51.7
YR,F,Y29,AZ,2018,50.7
YR,F,Y3,AZ,2018,76.2
YR,F,Y30,AZ,2018,49.7
YR,F,Y31,AZ,2018,48.7
YR,F,Y32,AZ,2018,47.8
YR,F,Y33,AZ,2018,46.8
YR,F,Y34,AZ,2018,45.8
YR,F,Y35,AZ,2018,44.8
YR,F,Y36,AZ,2018,43.9
YR,F,Y37,AZ,2018,42.9
YR,F,Y38,AZ,2018,41.9
YR,F,Y39,AZ,2018,40.9
YR,F,Y4,AZ,2018,75.2
YR,F,Y40,AZ,2018,40.0
YR,F,Y41,AZ,2018,39.0
YR,F,Y42,AZ,2018,38.0
YR,F,Y43,AZ,2018,37.1
YR,F,Y44,AZ,2018,36.1
YR,F,Y45,AZ,2018,35.2
YR,F,Y46,AZ,2018,34.2
YR,F,Y47,AZ,2018,33.3
YR,F,Y48,AZ,2018,32.3
YR,F,Y49,AZ,2018,31.4
YR,F,Y5,AZ,2018,74.2
YR,F,Y50,AZ,2018,30.4
YR,F,Y51,AZ,2018,29.5
YR,F,Y52,AZ,2018,28.6
YR,F,Y53,AZ,2018,27.7
YR,F,Y54,AZ,2018,26.8
YR,F,Y55,AZ,2018,25.9
YR,F,Y56,AZ,2018,25.0
YR,F,Y57,AZ,2018,24.1
YR,F,Y58,AZ,2018,23.2
YR,F,Y59,AZ,2018,22.4
YR,F,Y6,AZ,2018,73.2
YR,F,Y60,AZ,2018,21.5
YR,F,Y61,AZ,2018,20.7
YR,F,Y62,AZ,2018,19.8
YR,F,Y63,AZ,2018,19.0
YR,F,Y64,AZ,2018,18.2
YR,F,Y65,AZ,2018,17.5
YR,F,Y66,AZ,2018,16.7
YR,F,Y67,AZ,2018,15.9
YR,F,Y68,AZ,2018,15.2
YR,F,Y69,AZ,2018,14.4
YR,F,Y7,AZ,2018,72.3
YR,F,Y70,AZ,2018,13.8
YR,F,Y71,AZ,2018,13.1
YR,F,Y72,AZ,2018,12.4
YR,F,Y73,AZ,2018,11.7
YR,F,Y74,AZ,2018,11.0
YR,F,Y75,AZ,2018,10.4
YR,F,Y76,AZ,2018,9.8
YR,F,Y77,AZ,2018,9.2
YR,F,Y78,AZ,2018,8.6
YR,F,Y79,AZ,2018,8.1
YR,F,Y8,AZ,2018,71.3
YR,F,Y80,AZ,2018,7.6
YR,F,Y81,AZ,2018,7.2
YR,F,Y82,AZ,2018,6.8
YR,F,Y83,AZ,2018,6.4
YR,F,Y84,AZ,2018,6.1
YR,F,Y9,AZ,2018,70.3
YR,F,Y_GE85,AZ,2018,5.9
YR,F,Y_LT1,AZ,2018,78.3
YR,M,Y1,AZ,2018,73.4
YR,M,Y10,AZ,2018,64.6
YR,M,Y11,AZ,2018,63.6
YR,M,Y12,AZ,2018,62.7
YR,M,Y13,AZ,2018,61.7
YR,M,Y14,AZ,2018,60.7
YR,M,Y15,AZ,2018,59.8
YR,M,Y16,AZ,2018,58.8
YR,M,Y17,AZ,2018,57.8
YR,M,Y18,AZ,2018,56.8
YR,M,Y19,AZ,2018,55.9
YR,M,Y2,AZ,2018,72.4
YR,M,Y20,AZ,2018,54.9
YR,M,Y21,AZ,2018,54.0
YR,M,Y22,AZ,2018,53.0
YR,M,Y23,AZ,2018,52.0
YR,M,Y24,AZ,2018,51.1
YR,M,Y25,AZ,2018,50.1
YR,M,Y26,AZ,2018,49.2
YR,M,Y27,AZ,2018,48.2
YR,M,Y28,AZ,2018,47.2
YR,M,Y29,AZ,2018,46.3
YR,M,Y3,AZ,2018,71.5
YR,M,Y30,AZ,2018,45.3
YR,M,Y31,AZ,2018,44.4
YR,M,Y32,AZ,2018,43.4
YR,M,Y33,AZ,2018,42.4
YR,M,Y34,AZ,2018,41.5
YR,M,Y35,AZ,2018,40.5
YR,M,Y36,AZ,2018,39.6
YR,M,Y37,AZ,2018,38.6
YR,M,Y38,AZ,2018,37.7
YR,M,Y39,AZ,2018,36.7
YR,M,Y4,AZ,2018,70.5
YR,M,Y40,AZ,2018,35.8
YR,M,Y41,AZ,2018,34.9
YR,M,Y42,AZ,2018,34.0
YR,M,Y43,AZ,2018,33.0
YR,M,Y44,AZ,2018,32.2
YR,M,Y45,AZ,2018,31.3
YR,M,Y46,AZ,2018,30.4
YR,M,Y47,AZ,2018,29.5
YR,M,Y48,AZ,2018,28.6
YR,M,Y49,AZ,2018,27.8
YR,M,Y5,AZ,2018,69.5
YR,M,Y50,AZ,2018,26.9
YR,M,Y51,AZ,2018,26.1
YR,M,Y52,AZ,2018,25.2
YR,M,Y53,AZ,2018,24.4
YR,M,Y54,AZ,2018,23.6
YR,M,Y55,AZ,2018,22.8
YR,M,Y56,AZ,2018,22.0
YR,M,Y57,AZ,2018,21.2
YR,M,Y58,AZ,2018,20.5
YR,M,Y59,AZ,2018,19.7
YR,M,Y6,AZ,2018,68.5
YR,M,Y60,AZ,2018,19.0
YR,M,Y61,AZ,2018,18.2
YR,M,Y62,AZ,2018,17.5
YR,M,Y63,AZ,2018,16.9
YR,M,Y64,AZ,2018,16.2
YR,M,Y65,AZ,2018,15.6
YR,M,Y66,AZ,2018,14.9
YR,M,Y67,AZ,2018,14.3
YR,M,Y68,AZ,2018,13.8
YR,M,Y69,AZ,2018,13.1
YR,M,Y7,AZ,2018,67.6
YR,M,Y70,AZ,2018,12.6
YR,M,Y71,AZ,2018,12.0
YR,M,Y72,AZ,2018,11.5
YR,M,Y73,AZ,2018,10.9
YR,M,Y74,AZ,2018,10.4
YR,M,Y75,AZ,2018,9.9
YR,M,Y76,AZ,2018,9.4
YR,M,Y77,AZ,2018,9.1
YR,M,Y78,AZ,2018,8.7
YR,M,Y79,AZ,2018,8.3
YR,M,Y8,AZ,2018,66.6
YR,M,Y80,AZ,2018,7.9
YR,M,Y81,AZ,2018,7.6
YR,M,Y82,AZ,2018,7.3
YR,M,Y83,AZ,2018,7.1
YR,M,Y84,AZ,2018,7.0
YR,M,Y9,AZ,2018,65.6
YR,M,Y_GE85,AZ,2018,6.9
YR,M,Y_LT1,AZ,2018,73.5
YR,T,Y1,AZ,2018,75.8
YR,T,Y10,AZ,2018,67.0
YR,T,Y11,AZ,2018,66.0
YR,T,Y12,AZ,2018,65.0
YR,T,Y13,AZ,2018,64.1
YR,T,Y14,AZ,2018,63.1
YR,T,Y15,AZ,2018,62.1
YR,T,Y16,AZ,2018,61.1
YR,T,Y17,AZ,2018,60.2
YR,T,Y18,AZ,2018,59.2
YR,T,Y19,AZ,2018,58.2
YR,T,Y2,AZ,2018,74.8
YR,T,Y20,AZ,2018,57.3
YR,T,Y21,AZ,2018,56.3
YR,T,Y22,AZ,2018,55.3
YR,T,Y23,AZ,2018,54.3
YR,T,Y24,AZ,2018,53.4
YR,T,Y25,AZ,2018,52.4
YR,T,Y26,AZ,2018,51.4
YR,T,Y27,AZ,2018,50.5
YR,T,Y28,AZ,2018,49.5
YR,T,Y29,AZ,2018,48.5
YR,T,Y3,AZ,2018,73.9
YR,T,Y30,AZ,2018,47.6
YR,T,Y31,AZ,2018,46.6
YR,T,Y32,AZ,2018,45.6
YR,T,Y33,AZ,2018,44.7
YR,T,Y34,AZ,2018,43.7
YR,T,Y35,AZ,2018,42.7
YR,T,Y36,AZ,2018,41.8
YR,T,Y37,AZ,2018,40.8
YR,T,Y38,AZ,2018,39.9
YR,T,Y39,AZ,2018,38.9
YR,T,Y4,AZ,2018,72.9
YR,T,Y40,AZ,2018,37.9
YR,T,Y41,AZ,2018,37.0
YR,T,Y42,AZ,2018,36.1
YR,T,Y43,AZ,2018,35.1
YR,T,Y44,AZ,2018,34.2
YR,T,Y45,AZ,2018,33.3
YR,T,Y46,AZ,2018,32.4
YR,T,Y47,AZ,2018,31.4
YR,T,Y48,AZ,2018,30.5
YR,T,Y49,AZ,2018,29.6
YR,T,Y5,AZ,2018,71.9
YR,T,Y50,AZ,2018,28.7
YR,T,Y51,AZ,2018,27.9
YR,T,Y52,AZ,2018,27.0
YR,T,Y53,AZ,2018,26.1
YR,T,Y54,AZ,2018,25.3
YR,T,Y55,AZ,2018,24.4
YR,T,Y56,AZ,2018,23.6
YR,T,Y57,AZ,2018,22.8
YR,T,Y58,AZ,2018,21.9
YR,T,Y59,AZ,2018,21.1
YR,T,Y6,AZ,2018,70.9
YR,T,Y60,AZ,2018,20.3
YR,T,Y61,AZ,2018,19.5
YR,T,Y62,AZ,2018,18.8
YR,T,Y63,AZ,2018,18.0
YR,T,Y64,AZ,2018,17.3
YR,T,Y65,AZ,2018,16.6
YR,T,Y66,AZ,2018,15.9
YR,T,Y67,AZ,2018,15.2
YR,T,Y68,AZ,2018,14.5
YR,T,Y69,AZ,2018,13.9
YR,T,Y7,AZ,2018,69.9
YR,T,Y70,AZ,2018,13.2
YR,T,Y71,AZ,2018,12.6
YR,T,Y72,AZ,2018,12.0
YR,T,Y73,AZ,2018,11.4
YR,T,Y74,AZ,2018,10.8
YR,T,Y75,AZ,2018,10.2
YR,T,Y76,AZ,2018,9.6
YR,T,Y77,AZ,2018,9.1
YR,T,Y78,AZ,2018,8.6
YR,T,Y79,AZ,2018,8.2
YR,T,Y8,AZ,2018,69.0
YR,T,Y80,AZ,2018,7.7
YR,T,Y81,AZ,2018,7.4
YR,T,Y82,AZ,2018,7.0
YR,T,Y83,AZ,2018,6.7
YR,T,Y84,AZ,2018,6.4
YR,T,Y9,AZ,2018,68.0
YR,T,Y_GE85,AZ,2018,6.2
YR,T,Y_LT1,AZ,2018,76.0
YR,F,Y1,AZ,2017,77.7
YR,F,Y10,AZ,2017,68.9
YR,F,Y11,AZ,2017,67.9
YR,F,Y12,AZ,2017,66.9
YR,F,Y13,AZ,2017,65.9
YR,F,Y14,AZ,2017,65.0
YR,F,Y15,AZ,2017,64.0
YR,F,Y16,AZ,2017,63.0
YR,F,Y17,AZ,2017,62.0
YR,F,Y18,AZ,2017,61.0
YR,F,Y19,AZ,2017,60.1
YR,F,Y2,AZ,2017,76.7
YR,F,Y20,AZ,2017,59.1
YR,F,Y21,AZ,2017,58.1
YR,F,Y22,AZ,2017,57.1
YR,F,Y23,AZ,2017,56.2
YR,F,Y24,AZ,2017,55.2
YR,F,Y25,AZ,2017,54.2
YR,F,Y26,AZ,2017,53.2
YR,F,Y27,AZ,2017,52.2
YR,F,Y28,AZ,2017,51.3
YR,F,Y29,AZ,2017,50.3
YR,F,Y3,AZ,2017,75.8
YR,F,Y30,AZ,2017,49.3
YR,F,Y31,AZ,2017,48.3
YR,F,Y32,AZ,2017,47.4
YR,F,Y33,AZ,2017,46.4
YR,F,Y34,AZ,2017,45.4
YR,F,Y35,AZ,2017,44.4
YR,F,Y36,AZ,2017,43.5
YR,F,Y37,AZ,2017,42.5
YR,F,Y38,AZ,2017,41.5
YR,F,Y39,AZ,2017,40.6
YR,F,Y4,AZ,2017,74.8
YR,F,Y40,AZ,2017,39.6
YR,F,Y41,AZ,2017,38.6
YR,F,Y42,AZ,2017,37.7
YR,F,Y43,AZ,2017,36.7
YR,F,Y44,AZ,2017,35.8
YR,F,Y45,AZ,2017,34.8
YR,F,Y46,AZ,2017,33.9
YR,F,Y47,AZ,2017,32.9
YR,F,Y48,AZ,2017,32.0
YR,F,Y49,AZ,2017,31.0
YR,F,Y5,AZ,2017,73.8
YR,F,Y50,AZ,2017,30.1
YR,F,Y51,AZ,2017,29.2
YR,F,Y52,AZ,2017,28.3
YR,F,Y53,AZ,2017,27.4
YR,F,Y54,AZ,2017,26.5
YR,F,Y55,AZ,2017,25.6
YR,F,Y56,AZ,2017,24.7
YR,F,Y57,AZ,2017,23.8
YR,F,Y58,AZ,2017,22.9
YR,F,Y59,AZ,2017,22.0
YR,F,Y6,AZ,2017,72.8
YR,F,Y60,AZ,2017,21.2
YR,F,Y61,AZ,2017,20.4
YR,F,Y62,AZ,2017,19.6
YR,F,Y63,AZ,2017,18.7
YR,F,Y64,AZ,2017,17.9
YR,F,Y65,AZ,2017,17.2
YR,F,Y66,AZ,2017,16.4
YR,F,Y67,AZ,2017,15.7
YR,F,Y68,AZ,2017,14.9
YR,F,Y69,AZ,2017,14.2
YR,F,Y7,AZ,2017,71.9
YR,F,Y70,AZ,2017,13.5
YR,F,Y71,AZ,2017,12.9
YR,F,Y72,AZ,2017,12.2
YR,F,Y73,AZ,2017,11.5
YR,F,Y74,AZ,2017,10.8
YR,F,Y75,AZ,2017,10.2
YR,F,Y76,AZ,2017,9.6
YR,F,Y77,AZ,2017,9.0
YR,F,Y78,AZ,2017,8.5
YR,F,Y79,AZ,2017,8.0
YR,F,Y8,AZ,2017,70.9
YR,F,Y80,AZ,2017,7.6
YR,F,Y81,AZ,2017,7.2
YR,F,Y82,AZ,2017,6.8
YR,F,Y83,AZ,2017,6.5
YR,F,Y84,AZ,2017,6.2
YR,F,Y9,AZ,2017,69.9
YR,F,Y_GE85,AZ,2017,5.9
YR,F,Y_LT1,AZ,2017,77.9
YR,M,Y1,AZ,2017,73.1
YR,M,Y10,AZ,2017,64.4
YR,M,Y11,AZ,2017,63.4
YR,M,Y12,AZ,2017,62.4
YR,M,Y13,AZ,2017,61.5
YR,M,Y14,AZ,2017,60.5
YR,M,Y15,AZ,2017,59.5
YR,M,Y16,AZ,2017,58.5
YR,M,Y17,AZ,2017,57.6
YR,M,Y18,AZ,2017,56.6
YR,M,Y19,AZ,2017,55.6
YR,M,Y2,AZ,2017,72.2
YR,M,Y20,AZ,2017,54.7
YR,M,Y21,AZ,2017,53.7
YR,M,Y22,AZ,2017,52.8
YR,M,Y23,AZ,2017,51.8
YR,M,Y24,AZ,2017,50.8
YR,M,Y25,AZ,2017,49.9
YR,M,Y26,AZ,2017,48.9
YR,M,Y27,AZ,2017,47.9
YR,M,Y28,AZ,2017,47.0
YR,M,Y29,AZ,2017,46.0
YR,M,Y3,AZ,2017,71.2
YR,M,Y30,AZ,2017,45.1
YR,M,Y31,AZ,2017,44.1
YR,M,Y32,AZ,2017,43.2
YR,M,Y33,AZ,2017,42.2
YR,M,Y34,AZ,2017,41.3
YR,M,Y35,AZ,2017,40.3
YR,M,Y36,AZ,2017,39.4
YR,M,Y37,AZ,2017,38.4
YR,M,Y38,AZ,2017,37.5
YR,M,Y39,AZ,2017,36.5
YR,M,Y4,AZ,2017,70.3
YR,M,Y40,AZ,2017,35.6
YR,M,Y41,AZ,2017,34.7
YR,M,Y42,AZ,2017,33.8
YR,M,Y43,AZ,2017,32.9
YR,M,Y44,AZ,2017,32.0
YR,M,Y45,AZ,2017,31.1
YR,M,Y46,AZ,2017,30.2
YR,M,Y47,AZ,2017,29.3
YR,M,Y48,AZ,2017,28.5
YR,M,Y49,AZ,2017,27.6
YR,M,Y5,AZ,2017,69.3
YR,M,Y50,AZ,2017,26.8
YR,M,Y51,AZ,2017,25.9
YR,M,Y52,AZ,2017,25.1
YR,M,Y53,AZ,2017,24.3
YR,M,Y54,AZ,2017,23.5
YR,M,Y55,AZ,2017,22.7
YR,M,Y56,AZ,2017,21.9
YR,M,Y57,AZ,2017,21.2
YR,M,Y58,AZ,2017,20.4
YR,M,Y59,AZ,2017,19.7
YR,M,Y6,AZ,2017,68.3
YR,M,Y60,AZ,2017,18.9
YR,M,Y61,AZ,2017,18.3
YR,M,Y62,AZ,2017,17.6
YR,M,Y63,AZ,2017,16.9
YR,M,Y64,AZ,2017,16.3
YR,M,Y65,AZ,2017,15.6
YR,M,Y66,AZ,2017,15.1
YR,M,Y67,AZ,2017,14.5
YR,M,Y68,AZ,2017,13.9
YR,M,Y69,AZ,2017,13.3
YR,M,Y7,AZ,2017,67.3
YR,M,Y70,AZ,2017,12.8
YR,M,Y71,AZ,2017,12.3
YR,M,Y72,AZ,2017,11.7
YR,M,Y73,AZ,2017,11.1
YR,M,Y74,AZ,2017,10.6
YR,M,Y75,AZ,2017,10.2
YR,M,Y76,AZ,2017,9.9
YR,M,Y77,AZ,2017,9.5
YR,M,Y78,AZ,2017,9.2
YR,M,Y79,AZ,2017,8.8
YR,M,Y8,AZ,2017,66.4
YR,M,Y80,AZ,2017,8.5
YR,M,Y81,AZ,2017,8.3
YR,M,Y82,AZ,2017,8.1
YR,M,Y83,AZ,2017,8.0
YR,M,Y84,AZ,2017,7.9
YR,M,Y9,AZ,2017,65.4
YR,M,Y_GE85,AZ,2017,7.9
YR,M,Y_LT1,AZ,2017,73.2
YR,T,Y1,AZ,2017,75.4
YR,T,Y10,AZ,2017,66.7
YR,T,Y11,AZ,2017,65.7
YR,T,Y12,AZ,2017,64.7
YR,T,Y13,AZ,2017,63.7
YR,T,Y14,AZ,2017,62.7
YR,T,Y15,AZ,2017,61.8
YR,T,Y16,AZ,2017,60.8
YR,T,Y17,AZ,2017,59.8
YR,T,Y18,AZ,2017,58.8
YR,T,Y19,AZ,2017,57.9
YR,T,Y2,AZ,2017,74.5
YR,T,Y20,AZ,2017,56.9
YR,T,Y21,AZ,2017,55.9
YR,T,Y22,AZ,2017,55.0
YR,T,Y23,AZ,2017,54.0
YR,T,Y24,AZ,2017,53.0
YR,T,Y25,AZ,2017,52.0
YR,T,Y26,AZ,2017,51.1
YR,T,Y27,AZ,2017,50.1
YR,T,Y28,AZ,2017,49.1
YR,T,Y29,AZ,2017,48.2
YR,T,Y3,AZ,2017,73.5
YR,T,Y30,AZ,2017,47.2
YR,T,Y31,AZ,2017,46.2
YR,T,Y32,AZ,2017,45.3
YR,T,Y33,AZ,2017,44.3
YR,T,Y34,AZ,2017,43.3
YR,T,Y35,AZ,2017,42.4
YR,T,Y36,AZ,2017,41.4
YR,T,Y37,AZ,2017,40.5
YR,T,Y38,AZ,2017,39.5
YR,T,Y39,AZ,2017,38.6
YR,T,Y4,AZ,2017,72.5
YR,T,Y40,AZ,2017,37.6
YR,T,Y41,AZ,2017,36.7
YR,T,Y42,AZ,2017,35.8
YR,T,Y43,AZ,2017,34.8
YR,T,Y44,AZ,2017,33.9
YR,T,Y45,AZ,2017,33.0
YR,T,Y46,AZ,2017,32.1
YR,T,Y47,AZ,2017,31.2
YR,T,Y48,AZ,2017,30.3
YR,T,Y49,AZ,2017,29.4
YR,T,Y5,AZ,2017,71.6
YR,T,Y50,AZ,2017,28.5
YR,T,Y51,AZ,2017,27.6
YR,T,Y52,AZ,2017,26.7
YR,T,Y53,AZ,2017,25.9
YR,T,Y54,AZ,2017,25.0
YR,T,Y55,AZ,2017,24.2
YR,T,Y56,AZ,2017,23.3
YR,T,Y57,AZ,2017,22.5
YR,T,Y58,AZ,2017,21.7
YR,T,Y59,AZ,2017,20.9
YR,T,Y6,AZ,2017,70.6
YR,T,Y60,AZ,2017,20.1
YR,T,Y61,AZ,2017,19.3
YR,T,Y62,AZ,2017,18.6
YR,T,Y63,AZ,2017,17.9
YR,T,Y64,AZ,2017,17.1
YR,T,Y65,AZ,2017,16.4
YR,T,Y66,AZ,2017,15.8
YR,T,Y67,AZ,2017,15.1
YR,T,Y68,AZ,2017,14.4
YR,T,Y69,AZ,2017,13.8
YR,T,Y7,AZ,2017,69.6
YR,T,Y70,AZ,2017,13.1
YR,T,Y71,AZ,2017,12.6
YR,T,Y72,AZ,2017,11.9
YR,T,Y73,AZ,2017,11.3
YR,T,Y74,AZ,2017,10.7
YR,T,Y75,AZ,2017,10.1
YR,T,Y76,AZ,2017,9.7
YR,T,Y77,AZ,2017,9.2
YR,T,Y78,AZ,2017,8.7
YR,T,Y79,AZ,2017,8.3
YR,T,Y8,AZ,2017,68.6
YR,T,Y80,AZ,2017,7.9
YR,T,Y81,AZ,2017,7.5
YR,T,Y82,AZ,2017,7.2
YR,T,Y83,AZ,2017,6.9
YR,T,Y84,AZ,2017,6.7
YR,T,Y9,AZ,2017,67.6
YR,T,Y_GE85,AZ,2017,6.5
YR,T,Y_LT1,AZ,2017,75.6
YR,F,Y1,AZ,2015,77.5
YR,F,Y10,AZ,2015,68.7
YR,F,Y11,AZ,2015,67.7
YR,F,Y12,AZ,2015,66.7
YR,F,Y13,AZ,2015,65.8
YR,F,Y14,AZ,2015,64.8
YR,F,Y15,AZ,2015,63.8
YR,F,Y16,AZ,2015,62.8
YR,F,Y17,AZ,2015,61.8
YR,F,Y18,AZ,2015,60.9
YR,F,Y19,AZ,2015,59.9
YR,F,Y2,AZ,2015,76.5
YR,F,Y20,AZ,2015,58.9
YR,F,Y21,AZ,2015,57.9
YR,F,Y22,AZ,2015,56.9
YR,F,Y23,AZ,2015,56.0
YR,F,Y24,AZ,2015,55.0
YR,F,Y25,AZ,2015,54.0
YR,F,Y26,AZ,2015,53.0
YR,F,Y27,AZ,2015,52.1
YR,F,Y28,AZ,2015,51.1
YR,F,Y29,AZ,2015,50.1
YR,F,Y3,AZ,2015,75.6
YR,F,Y30,AZ,2015,49.1
YR,F,Y31,AZ,2015,48.2
YR,F,Y32,AZ,2015,47.2
YR,F,Y33,AZ,2015,46.2
YR,F,Y34,AZ,2015,45.2
YR,F,Y35,AZ,2015,44.2
YR,F,Y36,AZ,2015,43.3
YR,F,Y37,AZ,2015,42.3
YR,F,Y38,AZ,2015,41.3
YR,F,Y39,AZ,2015,40.4
YR,F,Y4,AZ,2015,74.6
YR,F,Y40,AZ,2015,39.4
YR,F,Y41,AZ,2015,38.4
YR,F,Y42,AZ,2015,37.5
YR,F,Y43,AZ,2015,36.5
YR,F,Y44,AZ,2015,35.6
YR,F,Y45,AZ,2015,34.6
YR,F,Y46,AZ,2015,33.7
YR,F,Y47,AZ,2015,32.7
YR,F,Y48,AZ,2015,31.8
YR,F,Y49,AZ,2015,30.9
YR,F,Y5,AZ,2015,73.6
YR,F,Y50,AZ,2015,29.9
YR,F,Y51,AZ,2015,29.0
YR,F,Y52,AZ,2015,28.1
YR,F,Y53,AZ,2015,27.2
YR,F,Y54,AZ,2015,26.3
YR,F,Y55,AZ,2015,25.4
YR,F,Y56,AZ,2015,24.5
YR,F,Y57,AZ,2015,23.6
YR,F,Y58,AZ,2015,22.8
YR,F,Y59,AZ,2015,21.9
YR,F,Y6,AZ,2015,72.7
YR,F,Y60,AZ,2015,21.1
YR,F,Y61,AZ,2015,20.2
YR,F,Y62,AZ,2015,19.4
YR,F,Y63,AZ,2015,18.6
YR,F,Y64,AZ,2015,17.8
YR,F,Y65,AZ,2015,17.1
YR,F,Y66,AZ,2015,16.3
YR,F,Y67,AZ,2015,15.5
YR,F,Y68,AZ,2015,14.8
YR,F,Y69,AZ,2015,14.1
YR,F,Y7,AZ,2015,71.7
YR,F,Y70,AZ,2015,13.3
YR,F,Y71,AZ,2015,12.6
YR,F,Y72,AZ,2015,12.0
YR,F,Y73,AZ,2015,11.3
YR,F,Y74,AZ,2015,10.7
YR,F,Y75,AZ,2015,10.1
YR,F,Y76,AZ,2015,9.5
YR,F,Y77,AZ,2015,9.0
YR,F,Y78,AZ,2015,8.5
YR,F,Y79,AZ,2015,8.0
YR,F,Y8,AZ,2015,70.7
YR,F,Y80,AZ,2015,7.6
YR,F,Y81,AZ,2015,7.2
YR,F,Y82,AZ,2015,6.8
YR,F,Y83,AZ,2015,6.4
YR,F,Y84,AZ,2015,6.2
YR,F,Y9,AZ,2015,69.7
YR,F,Y_GE85,AZ,2015,5.9
YR,F,Y_LT1,AZ,2015,77.7
YR,M,Y1,AZ,2015,72.9
YR,M,Y10,AZ,2015,64.1
YR,M,Y11,AZ,2015,63.1
YR,M,Y12,AZ,2015,62.1
YR,M,Y13,AZ,2015,61.2
YR,M,Y14,AZ,2015,60.2
YR,M,Y15,AZ,2015,59.2
YR,M,Y16,AZ,2015,58.2
YR,M,Y17,AZ,2015,57.3
YR,M,Y18,AZ,2015,56.3
YR,M,Y19,AZ,2015,55.3
YR,M,Y2,AZ,2015,71.9
YR,M,Y20,AZ,2015,54.4
YR,M,Y21,AZ,2015,53.4
YR,M,Y22,AZ,2015,52.5
YR,M,Y23,AZ,2015,51.5
YR,M,Y24,AZ,2015,50.5
YR,M,Y25,AZ,2015,49.6
YR,M,Y26,AZ,2015,48.6
YR,M,Y27,AZ,2015,47.7
YR,M,Y28,AZ,2015,46.7
YR,M,Y29,AZ,2015,45.8
YR,M,Y3,AZ,2015,70.9
YR,M,Y30,AZ,2015,44.8
YR,M,Y31,AZ,2015,43.9
YR,M,Y32,AZ,2015,42.9
YR,M,Y33,AZ,2015,41.9
YR,M,Y34,AZ,2015,41.0
YR,M,Y35,AZ,2015,40.1
YR,M,Y36,AZ,2015,39.1
YR,M,Y37,AZ,2015,38.2
YR,M,Y38,AZ,2015,37.2
YR,M,Y39,AZ,2015,36.3
YR,M,Y4,AZ,2015,70.0
YR,M,Y40,AZ,2015,35.4
YR,M,Y41,AZ,2015,34.5
YR,M,Y42,AZ,2015,33.6
YR,M,Y43,AZ,2015,32.7
YR,M,Y44,AZ,2015,31.8
YR,M,Y45,AZ,2015,30.9
YR,M,Y46,AZ,2015,30.0
YR,M,Y47,AZ,2015,29.1
YR,M,Y48,AZ,2015,28.2
YR,M,Y49,AZ,2015,27.4
YR,M,Y5,AZ,2015,69.0
YR,M,Y50,AZ,2015,26.5
YR,M,Y51,AZ,2015,25.7
YR,M,Y52,AZ,2015,24.9
YR,M,Y53,AZ,2015,24.1
YR,M,Y54,AZ,2015,23.2
YR,M,Y55,AZ,2015,22.5
YR,M,Y56,AZ,2015,21.7
YR,M,Y57,AZ,2015,20.9
YR,M,Y58,AZ,2015,20.2
YR,M,Y59,AZ,2015,19.4
YR,M,Y6,AZ,2015,68.0
YR,M,Y60,AZ,2015,18.7
YR,M,Y61,AZ,2015,18.0
YR,M,Y62,AZ,2015,17.3
YR,M,Y63,AZ,2015,16.6
YR,M,Y64,AZ,2015,16.0
YR,M,Y65,AZ,2015,15.4
YR,M,Y66,AZ,2015,14.7
YR,M,Y67,AZ,2015,14.1
YR,M,Y68,AZ,2015,13.5
YR,M,Y69,AZ,2015,13.0
YR,M,Y7,AZ,2015,67.0
YR,M,Y70,AZ,2015,12.4
YR,M,Y71,AZ,2015,11.8
YR,M,Y72,AZ,2015,11.2
YR,M,Y73,AZ,2015,10.7
YR,M,Y74,AZ,2015,10.3
YR,M,Y75,AZ,2015,9.8
YR,M,Y76,AZ,2015,9.4
YR,M,Y77,AZ,2015,9.0
YR,M,Y78,AZ,2015,8.6
YR,M,Y79,AZ,2015,8.2
YR,M,Y8,AZ,2015,66.1
YR,M,Y80,AZ,2015,7.9
YR,M,Y81,AZ,2015,7.6
YR,M,Y82,AZ,2015,7.4
YR,M,Y83,AZ,2015,7.2
YR,M,Y84,AZ,2015,7.0
YR,M,Y9,AZ,2015,65.1
YR,M,Y_GE85,AZ,2015,6.8
YR,M,Y_LT1,AZ,2015,72.9
YR,T,Y1,AZ,2015,75.2
YR,T,Y10,AZ,2015,66.4
YR,T,Y11,AZ,2015,65.5
YR,T,Y12,AZ,2015,64.5
YR,T,Y13,AZ,2015,63.5
YR,T,Y14,AZ,2015,62.5
YR,T,Y15,AZ,2015,61.5
YR,T,Y16,AZ,2015,60.6
YR,T,Y17,AZ,2015,59.6
YR,T,Y18,AZ,2015,58.6
YR,T,Y19,AZ,2015,57.6
YR,T,Y2,AZ,2015,74.3
YR,T,Y20,AZ,2015,56.7
YR,T,Y21,AZ,2015,55.7
YR,T,Y22,AZ,2015,54.7
YR,T,Y23,AZ,2015,53.8
YR,T,Y24,AZ,2015,52.8
YR,T,Y25,AZ,2015,51.8
YR,T,Y26,AZ,2015,50.9
YR,T,Y27,AZ,2015,49.9
YR,T,Y28,AZ,2015,48.9
YR,T,Y29,AZ,2015,48.0
YR,T,Y3,AZ,2015,73.3
YR,T,Y30,AZ,2015,47.0
YR,T,Y31,AZ,2015,46.0
YR,T,Y32,AZ,2015,45.1
YR,T,Y33,AZ,2015,44.1
YR,T,Y34,AZ,2015,43.2
YR,T,Y35,AZ,2015,42.2
YR,T,Y36,AZ,2015,41.2
YR,T,Y37,AZ,2015,40.3
YR,T,Y38,AZ,2015,39.3
YR,T,Y39,AZ,2015,38.4
YR,T,Y4,AZ,2015,72.3
YR,T,Y40,AZ,2015,37.5
YR,T,Y41,AZ,2015,36.5
YR,T,Y42,AZ,2015,35.6
YR,T,Y43,AZ,2015,34.7
YR,T,Y44,AZ,2015,33.7
YR,T,Y45,AZ,2015,32.8
YR,T,Y46,AZ,2015,31.9
YR,T,Y47,AZ,2015,31.0
YR,T,Y48,AZ,2015,30.1
YR,T,Y49,AZ,2015,29.2
YR,T,Y5,AZ,2015,71.4
YR,T,Y50,AZ,2015,28.3
YR,T,Y51,AZ,2015,27.4
YR,T,Y52,AZ,2015,26.5
YR,T,Y53,AZ,2015,25.7
YR,T,Y54,AZ,2015,24.8
YR,T,Y55,AZ,2015,24.0
YR,T,Y56,AZ,2015,23.2
YR,T,Y57,AZ,2015,22.3
YR,T,Y58,AZ,2015,21.5
YR,T,Y59,AZ,2015,20.7
YR,T,Y6,AZ,2015,70.4
YR,T,Y60,AZ,2015,20.0
YR,T,Y61,AZ,2015,19.2
YR,T,Y62,AZ,2015,18.4
YR,T,Y63,AZ,2015,17.7
YR,T,Y64,AZ,2015,17.0
YR,T,Y65,AZ,2015,16.3
YR,T,Y66,AZ,2015,15.6
YR,T,Y67,AZ,2015,14.9
YR,T,Y68,AZ,2015,14.2
YR,T,Y69,AZ,2015,13.6
YR,T,Y7,AZ,2015,69.4
YR,T,Y70,AZ,2015,12.9
YR,T,Y71,AZ,2015,12.2
YR,T,Y72,AZ,2015,11.6
YR,T,Y73,AZ,2015,11.0
YR,T,Y74,AZ,2015,10.5
YR,T,Y75,AZ,2015,10.0
YR,T,Y76,AZ,2015,9.5
YR,T,Y77,AZ,2015,9.0
YR,T,Y78,AZ,2015,8.5
YR,T,Y79,AZ,2015,8.1
YR,T,Y8,AZ,2015,68.4
YR,T,Y80,AZ,2015,7.7
YR,T,Y81,AZ,2015,7.3
YR,T,Y82,AZ,2015,7.0
YR,T,Y83,AZ,2015,6.7
YR,T,Y84,AZ,2015,6.5
YR,T,Y9,AZ,2015,67.4
YR,T,Y_GE85,AZ,2015,6.2
YR,T,Y_LT1,AZ,2015,75.3
YR,F,Y1,AZ,2014,77.0
YR,F,Y10,AZ,2014,68.3
YR,F,Y11,AZ,2014,67.3
YR,F,Y12,AZ,2014,66.3
YR,F,Y13,AZ,2014,65.3
YR,F,Y14,AZ,2014,64.3
YR,F,Y15,AZ,2014,63.3
YR,F,Y16,AZ,2014,62.3
YR,F,Y17,AZ,2014,61.4
YR,F,Y18,AZ,2014,60.4
YR,F,Y19,AZ,2014,59.4
YR,F,Y2,AZ,2014,76.1
YR,F,Y20,AZ,2014,58.4
YR,F,Y21,AZ,2014,57.5
YR,F,Y22,AZ,2014,56.5
YR,F,Y23,AZ,2014,55.5
YR,F,Y24,AZ,2014,54.5
YR,F,Y25,AZ,2014,53.5
YR,F,Y26,AZ,2014,52.6
YR,F,Y27,AZ,2014,51.6
YR,F,Y28,AZ,2014,50.6
YR,F,Y29,AZ,2014,49.6
YR,F,Y3,AZ,2014,75.1
YR,F,Y30,AZ,2014,48.7
YR,F,Y31,AZ,2014,47.7
YR,F,Y32,AZ,2014,46.7
YR,F,Y33,AZ,2014,45.7
YR,F,Y34,AZ,2014,44.8
YR,F,Y35,AZ,2014,43.8
YR,F,Y36,AZ,2014,42.8
YR,F,Y37,AZ,2014,41.8
YR,F,Y38,AZ,2014,40.9
YR,F,Y39,AZ,2014,39.9
YR,F,Y4,AZ,2014,74.1
YR,F,Y40,AZ,2014,38.9
YR,F,Y41,AZ,2014,38.0
YR,F,Y42,AZ,2014,37.0
YR,F,Y43,AZ,2014,36.1
YR,F,Y44,AZ,2014,35.1
YR,F,Y45,AZ,2014,34.1
YR,F,Y46,AZ,2014,33.2
YR,F,Y47,AZ,2014,32.2
YR,F,Y48,AZ,2014,31.3
YR,F,Y49,AZ,2014,30.4
YR,F,Y5,AZ,2014,73.2
YR,F,Y50,AZ,2014,29.4
YR,F,Y51,AZ,2014,28.5
YR,F,Y52,AZ,2014,27.6
YR,F,Y53,AZ,2014,26.7
YR,F,Y54,AZ,2014,25.8
YR,F,Y55,AZ,2014,24.9
YR,F,Y56,AZ,2014,24.0
YR,F,Y57,AZ,2014,23.1
YR,F,Y58,AZ,2014,22.3
YR,F,Y59,AZ,2014,21.4
YR,F,Y6,AZ,2014,72.2
YR,F,Y60,AZ,2014,20.6
YR,F,Y61,AZ,2014,19.7
YR,F,Y62,AZ,2014,18.9
YR,F,Y63,AZ,2014,18.1
YR,F,Y64,AZ,2014,17.3
YR,F,Y65,AZ,2014,16.5
YR,F,Y66,AZ,2014,15.7
YR,F,Y67,AZ,2014,15.0
YR,F,Y68,AZ,2014,14.2
YR,F,Y69,AZ,2014,13.5
YR,F,Y7,AZ,2014,71.2
YR,F,Y70,AZ,2014,12.7
YR,F,Y71,AZ,2014,12.0
YR,F,Y72,AZ,2014,11.3
YR,F,Y73,AZ,2014,10.7
YR,F,Y74,AZ,2014,10.1
YR,F,Y75,AZ,2014,9.5
YR,F,Y76,AZ,2014,8.9
YR,F,Y77,AZ,2014,8.4
YR,F,Y78,AZ,2014,7.9
YR,F,Y79,AZ,2014,7.5
YR,F,Y8,AZ,2014,70.2
YR,F,Y80,AZ,2014,7.1
YR,F,Y81,AZ,2014,6.7
YR,F,Y82,AZ,2014,6.2
YR,F,Y83,AZ,2014,6.0
YR,F,Y84,AZ,2014,5.6
YR,F,Y9,AZ,2014,69.2
YR,F,Y_GE85,AZ,2014,5.3
YR,F,Y_LT1,AZ,2014,77.3
YR,M,Y1,AZ,2014,72.0
YR,M,Y10,AZ,2014,63.3
YR,M,Y11,AZ,2014,62.3
YR,M,Y12,AZ,2014,61.4
YR,M,Y13,AZ,2014,60.4
YR,M,Y14,AZ,2014,59.4
YR,M,Y15,AZ,2014,58.4
YR,M,Y16,AZ,2014,57.5
YR,M,Y17,AZ,2014,56.5
YR,M,Y18,AZ,2014,55.5
YR,M,Y19,AZ,2014,54.6
YR,M,Y2,AZ,2014,71.1
YR,M,Y20,AZ,2014,53.6
YR,M,Y21,AZ,2014,52.7
YR,M,Y22,AZ,2014,51.7
YR,M,Y23,AZ,2014,50.8
YR,M,Y24,AZ,2014,49.8
YR,M,Y25,AZ,2014,48.9
YR,M,Y26,AZ,2014,47.9
YR,M,Y27,AZ,2014,46.9
YR,M,Y28,AZ,2014,46.0
YR,M,Y29,AZ,2014,45.0
YR,M,Y3,AZ,2014,70.1
YR,M,Y30,AZ,2014,44.1
YR,M,Y31,AZ,2014,43.1
YR,M,Y32,AZ,2014,42.2
YR,M,Y33,AZ,2014,41.2
YR,M,Y34,AZ,2014,40.3
YR,M,Y35,AZ,2014,39.4
YR,M,Y36,AZ,2014,38.4
YR,M,Y37,AZ,2014,37.5
YR,M,Y38,AZ,2014,36.6
YR,M,Y39,AZ,2014,35.6
YR,M,Y4,AZ,2014,69.2
YR,M,Y40,AZ,2014,34.7
YR,M,Y41,AZ,2014,33.8
YR,M,Y42,AZ,2014,32.9
YR,M,Y43,AZ,2014,32.0
YR,M,Y44,AZ,2014,31.1
YR,M,Y45,AZ,2014,30.2
YR,M,Y46,AZ,2014,29.3
YR,M,Y47,AZ,2014,28.4
YR,M,Y48,AZ,2014,27.6
YR,M,Y49,AZ,2014,26.7
YR,M,Y5,AZ,2014,68.2
YR,M,Y50,AZ,2014,25.8
YR,M,Y51,AZ,2014,25.0
YR,M,Y52,AZ,2014,24.2
YR,M,Y53,AZ,2014,23.3
YR,M,Y54,AZ,2014,22.5
YR,M,Y55,AZ,2014,21.7
YR,M,Y56,AZ,2014,20.9
YR,M,Y57,AZ,2014,20.1
YR,M,Y58,AZ,2014,19.4
YR,M,Y59,AZ,2014,18.6
YR,M,Y6,AZ,2014,67.2
YR,M,Y60,AZ,2014,17.9
YR,M,Y61,AZ,2014,17.2
YR,M,Y62,AZ,2014,16.5
YR,M,Y63,AZ,2014,15.8
YR,M,Y64,AZ,2014,15.2
YR,M,Y65,AZ,2014,14.5
YR,M,Y66,AZ,2014,13.9
YR,M,Y67,AZ,2014,13.3
YR,M,Y68,AZ,2014,12.8
YR,M,Y69,AZ,2014,12.1
YR,M,Y7,AZ,2014,66.2
YR,M,Y70,AZ,2014,11.5
YR,M,Y71,AZ,2014,11.0
YR,M,Y72,AZ,2014,10.4
YR,M,Y73,AZ,2014,10.0
YR,M,Y74,AZ,2014,9.5
YR,M,Y75,AZ,2014,9.1
YR,M,Y76,AZ,2014,8.6
YR,M,Y77,AZ,2014,8.2
YR,M,Y78,AZ,2014,7.8
YR,M,Y79,AZ,2014,7.5
YR,M,Y8,AZ,2014,65.3
YR,M,Y80,AZ,2014,7.1
YR,M,Y81,AZ,2014,6.8
YR,M,Y82,AZ,2014,6.5
YR,M,Y83,AZ,2014,6.4
YR,M,Y84,AZ,2014,6.1
YR,M,Y9,AZ,2014,64.3
YR,M,Y_GE85,AZ,2014,6.0
YR,M,Y_LT1,AZ,2014,72.2
YR,T,Y1,AZ,2014,74.5
YR,T,Y10,AZ,2014,65.8
YR,T,Y11,AZ,2014,64.8
YR,T,Y12,AZ,2014,63.9
YR,T,Y13,AZ,2014,62.9
YR,T,Y14,AZ,2014,61.9
YR,T,Y15,AZ,2014,60.9
YR,T,Y16,AZ,2014,59.9
YR,T,Y17,AZ,2014,59.0
YR,T,Y18,AZ,2014,58.0
YR,T,Y19,AZ,2014,57.0
YR,T,Y2,AZ,2014,73.6
YR,T,Y20,AZ,2014,56.1
YR,T,Y21,AZ,2014,55.1
YR,T,Y22,AZ,2014,54.1
YR,T,Y23,AZ,2014,53.2
YR,T,Y24,AZ,2014,52.2
YR,T,Y25,AZ,2014,51.2
YR,T,Y26,AZ,2014,50.3
YR,T,Y27,AZ,2014,49.3
YR,T,Y28,AZ,2014,48.3
YR,T,Y29,AZ,2014,47.4
YR,T,Y3,AZ,2014,72.6
YR,T,Y30,AZ,2014,46.4
YR,T,Y31,AZ,2014,45.4
YR,T,Y32,AZ,2014,44.5
YR,T,Y33,AZ,2014,43.5
YR,T,Y34,AZ,2014,42.6
YR,T,Y35,AZ,2014,41.6
YR,T,Y36,AZ,2014,40.7
YR,T,Y37,AZ,2014,39.7
YR,T,Y38,AZ,2014,38.8
YR,T,Y39,AZ,2014,37.8
YR,T,Y4,AZ,2014,71.7
YR,T,Y40,AZ,2014,36.9
YR,T,Y41,AZ,2014,35.9
YR,T,Y42,AZ,2014,35.0
YR,T,Y43,AZ,2014,34.1
YR,T,Y44,AZ,2014,33.2
YR,T,Y45,AZ,2014,32.2
YR,T,Y46,AZ,2014,31.3
YR,T,Y47,AZ,2014,30.4
YR,T,Y48,AZ,2014,29.5
YR,T,Y49,AZ,2014,28.6
YR,T,Y5,AZ,2014,70.7
YR,T,Y50,AZ,2014,27.7
YR,T,Y51,AZ,2014,26.8
YR,T,Y52,AZ,2014,26.0
YR,T,Y53,AZ,2014,25.1
YR,T,Y54,AZ,2014,24.2
YR,T,Y55,AZ,2014,23.4
YR,T,Y56,AZ,2014,22.5
YR,T,Y57,AZ,2014,21.7
YR,T,Y58,AZ,2014,20.9
YR,T,Y59,AZ,2014,20.1
YR,T,Y6,AZ,2014,69.7
YR,T,Y60,AZ,2014,19.3
YR,T,Y61,AZ,2014,18.5
YR,T,Y62,AZ,2014,17.8
YR,T,Y63,AZ,2014,17.1
YR,T,Y64,AZ,2014,16.3
YR,T,Y65,AZ,2014,15.6
YR,T,Y66,AZ,2014,14.9
YR,T,Y67,AZ,2014,14.2
YR,T,Y68,AZ,2014,13.6
YR,T,Y69,AZ,2014,12.9
YR,T,Y7,AZ,2014,68.8
YR,T,Y70,AZ,2014,12.2
YR,T,Y71,AZ,2014,11.5
YR,T,Y72,AZ,2014,10.9
YR,T,Y73,AZ,2014,10.4
YR,T,Y74,AZ,2014,9.8
YR,T,Y75,AZ,2014,9.3
YR,T,Y76,AZ,2014,8.8
YR,T,Y77,AZ,2014,8.3
YR,T,Y78,AZ,2014,7.9
YR,T,Y79,AZ,2014,7.5
YR,T,Y8,AZ,2014,67.8
YR,T,Y80,AZ,2014,7.1
YR,T,Y81,AZ,2014,6.7
YR,T,Y82,AZ,2014,6.3
YR,T,Y83,AZ,2014,6.1
YR,T,Y84,AZ,2014,5.8
YR,T,Y9,AZ,2014,66.8
YR,T,Y_GE85,AZ,2014,5.5
YR,T,Y_LT1,AZ,2014,74.8
YR,F,Y1,AZ,2013,76.9
YR,F,Y10,AZ,2013,68.2
YR,F,Y11,AZ,2013,67.2
YR,F,Y12,AZ,2013,66.2
YR,F,Y13,AZ,2013,65.2
YR,F,Y14,AZ,2013,64.3
YR,F,Y15,AZ,2013,63.3
YR,F,Y16,AZ,2013,62.3
YR,F,Y17,AZ,2013,61.3
YR,F,Y18,AZ,2013,60.3
YR,F,Y19,AZ,2013,59.4
YR,F,Y2,AZ,2013,76.0
YR,F,Y20,AZ,2013,58.4
YR,F,Y21,AZ,2013,57.4
YR,F,Y22,AZ,2013,56.4
YR,F,Y23,AZ,2013,55.4
YR,F,Y24,AZ,2013,54.5
YR,F,Y25,AZ,2013,53.5
YR,F,Y26,AZ,2013,52.5
YR,F,Y27,AZ,2013,51.5
YR,F,Y28,AZ,2013,50.6
YR,F,Y29,AZ,2013,49.6
YR,F,Y3,AZ,2013,75.0
YR,F,Y30,AZ,2013,48.6
YR,F,Y31,AZ,2013,47.6
YR,F,Y32,AZ,2013,46.7
YR,F,Y33,AZ,2013,45.7
YR,F,Y34,AZ,2013,44.7
YR,F,Y35,AZ,2013,43.7
YR,F,Y36,AZ,2013,42.8
YR,F,Y37,AZ,2013,41.8
YR,F,Y38,AZ,2013,40.8
YR,F,Y39,AZ,2013,39.8
YR,F,Y4,AZ,2013,74.1
YR,F,Y40,AZ,2013,38.9
YR,F,Y41,AZ,2013,37.9
YR,F,Y42,AZ,2013,37.0
YR,F,Y43,AZ,2013,36.0
YR,F,Y44,AZ,2013,35.1
YR,F,Y45,AZ,2013,34.1
YR,F,Y46,AZ,2013,33.2
YR,F,Y47,AZ,2013,32.2
YR,F,Y48,AZ,2013,31.3
YR,F,Y49,AZ,2013,30.4
YR,F,Y5,AZ,2013,73.1
YR,F,Y50,AZ,2013,29.4
YR,F,Y51,AZ,2013,28.5
YR,F,Y52,AZ,2013,27.6
YR,F,Y53,AZ,2013,26.7
YR,F,Y54,AZ,2013,25.8
YR,F,Y55,AZ,2013,24.9
YR,F,Y56,AZ,2013,24.0
YR,F,Y57,AZ,2013,23.1
YR,F,Y58,AZ,2013,22.2
YR,F,Y59,AZ,2013,21.4
YR,F,Y6,AZ,2013,72.1
YR,F,Y60,AZ,2013,20.5
YR,F,Y61,AZ,2013,19.7
YR,F,Y62,AZ,2013,18.9
YR,F,Y63,AZ,2013,18.1
YR,F,Y64,AZ,2013,17.3
YR,F,Y65,AZ,2013,16.5
YR,F,Y66,AZ,2013,15.7
YR,F,Y67,AZ,2013,15.0
YR,F,Y68,AZ,2013,14.2
YR,F,Y69,AZ,2013,13.5
YR,F,Y7,AZ,2013,71.1
YR,F,Y70,AZ,2013,12.8
YR,F,Y71,AZ,2013,12.1
YR,F,Y72,AZ,2013,11.5
YR,F,Y73,AZ,2013,10.8
YR,F,Y74,AZ,2013,10.2
YR,F,Y75,AZ,2013,9.6
YR,F,Y76,AZ,2013,9.1
YR,F,Y77,AZ,2013,8.6
YR,F,Y78,AZ,2013,8.1
YR,F,Y79,AZ,2013,7.7
YR,F,Y8,AZ,2013,70.2
YR,F,Y80,AZ,2013,7.2
YR,F,Y81,AZ,2013,6.9
YR,F,Y82,AZ,2013,6.5
YR,F,Y83,AZ,2013,6.1
YR,F,Y84,AZ,2013,5.8
YR,F,Y9,AZ,2013,69.2
YR,F,Y_GE85,AZ,2013,5.5
YR,F,Y_LT1,AZ,2013,77.1
YR,M,Y1,AZ,2013,71.9
YR,M,Y10,AZ,2013,63.2
YR,M,Y11,AZ,2013,62.2
YR,M,Y12,AZ,2013,61.3
YR,M,Y13,AZ,2013,60.3
YR,M,Y14,AZ,2013,59.3
YR,M,Y15,AZ,2013,58.3
YR,M,Y16,AZ,2013,57.3
YR,M,Y17,AZ,2013,56.4
YR,M,Y18,AZ,2013,55.4
YR,M,Y19,AZ,2013,54.4
YR,M,Y2,AZ,2013,71.0
YR,M,Y20,AZ,2013,53.5
YR,M,Y21,AZ,2013,52.5
YR,M,Y22,AZ,2013,51.6
YR,M,Y23,AZ,2013,50.6
YR,M,Y24,AZ,2013,49.7
YR,M,Y25,AZ,2013,48.7
YR,M,Y26,AZ,2013,47.7
YR,M,Y27,AZ,2013,46.8
YR,M,Y28,AZ,2013,45.8
YR,M,Y29,AZ,2013,44.9
YR,M,Y3,AZ,2013,70.0
YR,M,Y30,AZ,2013,44.0
YR,M,Y31,AZ,2013,43.0
YR,M,Y32,AZ,2013,42.1
YR,M,Y33,AZ,2013,41.1
YR,M,Y34,AZ,2013,40.2
YR,M,Y35,AZ,2013,39.2
YR,M,Y36,AZ,2013,38.3
YR,M,Y37,AZ,2013,37.4
YR,M,Y38,AZ,2013,36.4
YR,M,Y39,AZ,2013,35.5
YR,M,Y4,AZ,2013,69.1
YR,M,Y40,AZ,2013,34.6
YR,M,Y41,AZ,2013,33.7
YR,M,Y42,AZ,2013,32.8
YR,M,Y43,AZ,2013,31.9
YR,M,Y44,AZ,2013,31.0
YR,M,Y45,AZ,2013,30.1
YR,M,Y46,AZ,2013,29.2
YR,M,Y47,AZ,2013,28.4
YR,M,Y48,AZ,2013,27.5
YR,M,Y49,AZ,2013,26.6
YR,M,Y5,AZ,2013,68.1
YR,M,Y50,AZ,2013,25.8
YR,M,Y51,AZ,2013,25.0
YR,M,Y52,AZ,2013,24.2
YR,M,Y53,AZ,2013,23.3
YR,M,Y54,AZ,2013,22.5
YR,M,Y55,AZ,2013,21.8
YR,M,Y56,AZ,2013,21.0
YR,M,Y57,AZ,2013,20.2
YR,M,Y58,AZ,2013,19.5
YR,M,Y59,AZ,2013,18.8
YR,M,Y6,AZ,2013,67.1
YR,M,Y60,AZ,2013,18.0
YR,M,Y61,AZ,2013,17.3
YR,M,Y62,AZ,2013,16.7
YR,M,Y63,AZ,2013,16.0
YR,M,Y64,AZ,2013,15.4
YR,M,Y65,AZ,2013,14.7
YR,M,Y66,AZ,2013,14.1
YR,M,Y67,AZ,2013,13.5
YR,M,Y68,AZ,2013,12.8
YR,M,Y69,AZ,2013,12.2
YR,M,Y7,AZ,2013,66.2
YR,M,Y70,AZ,2013,11.6
YR,M,Y71,AZ,2013,11.1
YR,M,Y72,AZ,2013,10.6
YR,M,Y73,AZ,2013,10.1
YR,M,Y74,AZ,2013,9.7
YR,M,Y75,AZ,2013,9.2
YR,M,Y76,AZ,2013,8.8
YR,M,Y77,AZ,2013,8.4
YR,M,Y78,AZ,2013,8.0
YR,M,Y79,AZ,2013,7.7
YR,M,Y8,AZ,2013,65.2
YR,M,Y80,AZ,2013,7.4
YR,M,Y81,AZ,2013,7.1
YR,M,Y82,AZ,2013,6.9
YR,M,Y83,AZ,2013,6.6
YR,M,Y84,AZ,2013,6.4
YR,M,Y9,AZ,2013,64.2
YR,M,Y_GE85,AZ,2013,6.3
YR,M,Y_LT1,AZ,2013,72.1
YR,T,Y1,AZ,2013,74.5
YR,T,Y10,AZ,2013,65.7
YR,T,Y11,AZ,2013,64.7
YR,T,Y12,AZ,2013,63.8
YR,T,Y13,AZ,2013,62.8
YR,T,Y14,AZ,2013,61.8
YR,T,Y15,AZ,2013,60.8
YR,T,Y16,AZ,2013,59.8
YR,T,Y17,AZ,2013,58.9
YR,T,Y18,AZ,2013,57.9
YR,T,Y19,AZ,2013,56.9
YR,T,Y2,AZ,2013,73.5
YR,T,Y20,AZ,2013,56.0
YR,T,Y21,AZ,2013,55.0
YR,T,Y22,AZ,2013,54.0
YR,T,Y23,AZ,2013,53.1
YR,T,Y24,AZ,2013,52.1
YR,T,Y25,AZ,2013,51.1
YR,T,Y26,AZ,2013,50.2
YR,T,Y27,AZ,2013,49.2
YR,T,Y28,AZ,2013,48.2
YR,T,Y29,AZ,2013,47.3
YR,T,Y3,AZ,2013,72.6
YR,T,Y30,AZ,2013,46.3
YR,T,Y31,AZ,2013,45.4
YR,T,Y32,AZ,2013,44.4
YR,T,Y33,AZ,2013,43.4
YR,T,Y34,AZ,2013,42.5
YR,T,Y35,AZ,2013,41.5
YR,T,Y36,AZ,2013,40.6
YR,T,Y37,AZ,2013,39.6
YR,T,Y38,AZ,2013,38.7
YR,T,Y39,AZ,2013,37.7
YR,T,Y4,AZ,2013,71.6
YR,T,Y40,AZ,2013,36.8
YR,T,Y41,AZ,2013,35.9
YR,T,Y42,AZ,2013,34.9
YR,T,Y43,AZ,2013,34.0
YR,T,Y44,AZ,2013,33.1
YR,T,Y45,AZ,2013,32.2
YR,T,Y46,AZ,2013,31.2
YR,T,Y47,AZ,2013,30.3
YR,T,Y48,AZ,2013,29.4
YR,T,Y49,AZ,2013,28.6
YR,T,Y5,AZ,2013,70.6
YR,T,Y50,AZ,2013,27.7
YR,T,Y51,AZ,2013,26.8
YR,T,Y52,AZ,2013,25.9
YR,T,Y53,AZ,2013,25.1
YR,T,Y54,AZ,2013,24.2
YR,T,Y55,AZ,2013,23.4
YR,T,Y56,AZ,2013,22.6
YR,T,Y57,AZ,2013,21.7
YR,T,Y58,AZ,2013,20.9
YR,T,Y59,AZ,2013,20.1
YR,T,Y6,AZ,2013,69.6
YR,T,Y60,AZ,2013,19.4
YR,T,Y61,AZ,2013,18.6
YR,T,Y62,AZ,2013,17.9
YR,T,Y63,AZ,2013,17.1
YR,T,Y64,AZ,2013,16.4
YR,T,Y65,AZ,2013,15.7
YR,T,Y66,AZ,2013,15.0
YR,T,Y67,AZ,2013,14.3
YR,T,Y68,AZ,2013,13.6
YR,T,Y69,AZ,2013,12.9
YR,T,Y7,AZ,2013,68.7
YR,T,Y70,AZ,2013,12.2
YR,T,Y71,AZ,2013,11.6
YR,T,Y72,AZ,2013,11.1
YR,T,Y73,AZ,2013,10.5
YR,T,Y74,AZ,2013,9.9
YR,T,Y75,AZ,2013,9.4
YR,T,Y76,AZ,2013,8.9
YR,T,Y77,AZ,2013,8.5
YR,T,Y78,AZ,2013,8.0
YR,T,Y79,AZ,2013,7.6
YR,T,Y8,AZ,2013,67.7
YR,T,Y80,AZ,2013,7.3
YR,T,Y81,AZ,2013,6.9
YR,T,Y82,AZ,2013,6.6
YR,T,Y83,AZ,2013,6.3
YR,T,Y84,AZ,2013,6.0
YR,T,Y9,AZ,2013,66.7
YR,T,Y_GE85,AZ,2013,5.8
YR,T,Y_LT1,AZ,2013,74.7
YR,F,Y1,AZ,2012,76.5
YR,F,Y10,AZ,2012,67.8
YR,F,Y11,AZ,2012,66.8
YR,F,Y12,AZ,2012,65.8
YR,F,Y13,AZ,2012,64.8
YR,F,Y14,AZ,2012,63.8
YR,F,Y15,AZ,2012,62.8
YR,F,Y16,AZ,2012,61.8
YR,F,Y17,AZ,2012,60.8
YR,F,Y18,AZ,2012,59.9
YR,F,Y19,AZ,2012,58.9
YR,F,Y2,AZ,2012,75.6
YR,F,Y20,AZ,2012,57.9
YR,F,Y21,AZ,2012,56.9
YR,F,Y22,AZ,2012,55.9
YR,F,Y23,AZ,2012,55.0
YR,F,Y24,AZ,2012,54.0
YR,F,Y25,AZ,2012,53.0
YR,F,Y26,AZ,2012,52.0
YR,F,Y27,AZ,2012,51.1
YR,F,Y28,AZ,2012,50.1
YR,F,Y29,AZ,2012,49.1
YR,F,Y3,AZ,2012,74.6
YR,F,Y30,AZ,2012,48.1
YR,F,Y31,AZ,2012,47.2
YR,F,Y32,AZ,2012,46.2
YR,F,Y33,AZ,2012,45.2
YR,F,Y34,AZ,2012,44.3
YR,F,Y35,AZ,2012,43.3
YR,F,Y36,AZ,2012,42.3
YR,F,Y37,AZ,2012,41.4
YR,F,Y38,AZ,2012,40.4
YR,F,Y39,AZ,2012,39.4
YR,F,Y4,AZ,2012,73.6
YR,F,Y40,AZ,2012,38.5
YR,F,Y41,AZ,2012,37.5
YR,F,Y42,AZ,2012,36.6
YR,F,Y43,AZ,2012,35.6
YR,F,Y44,AZ,2012,34.7
YR,F,Y45,AZ,2012,33.8
YR,F,Y46,AZ,2012,32.8
YR,F,Y47,AZ,2012,31.9
YR,F,Y48,AZ,2012,31.0
YR,F,Y49,AZ,2012,30.0
YR,F,Y5,AZ,2012,72.7
YR,F,Y50,AZ,2012,29.1
YR,F,Y51,AZ,2012,28.2
YR,F,Y52,AZ,2012,27.3
YR,F,Y53,AZ,2012,26.4
YR,F,Y54,AZ,2012,25.5
YR,F,Y55,AZ,2012,24.6
YR,F,Y56,AZ,2012,23.8
YR,F,Y57,AZ,2012,22.9
YR,F,Y58,AZ,2012,22.0
YR,F,Y59,AZ,2012,21.2
YR,F,Y6,AZ,2012,71.7
YR,F,Y60,AZ,2012,20.4
YR,F,Y61,AZ,2012,19.6
YR,F,Y62,AZ,2012,18.8
YR,F,Y63,AZ,2012,17.9
YR,F,Y64,AZ,2012,17.1
YR,F,Y65,AZ,2012,16.4
YR,F,Y66,AZ,2012,15.6
YR,F,Y67,AZ,2012,14.8
YR,F,Y68,AZ,2012,14.1
YR,F,Y69,AZ,2012,13.3
YR,F,Y7,AZ,2012,70.7
YR,F,Y70,AZ,2012,12.7
YR,F,Y71,AZ,2012,12.0
YR,F,Y72,AZ,2012,11.4
YR,F,Y73,AZ,2012,10.8
YR,F,Y74,AZ,2012,10.2
YR,F,Y75,AZ,2012,9.6
YR,F,Y76,AZ,2012,9.1
YR,F,Y77,AZ,2012,8.6
YR,F,Y78,AZ,2012,8.1
YR,F,Y79,AZ,2012,7.6
YR,F,Y8,AZ,2012,69.7
YR,F,Y80,AZ,2012,7.2
YR,F,Y81,AZ,2012,6.8
YR,F,Y82,AZ,2012,6.5
YR,F,Y83,AZ,2012,6.1
YR,F,Y84,AZ,2012,5.8
YR,F,Y9,AZ,2012,68.7
YR,F,Y_GE85,AZ,2012,5.5
YR,F,Y_LT1,AZ,2012,76.6
YR,M,Y1,AZ,2012,71.4
YR,M,Y10,AZ,2012,62.6
YR,M,Y11,AZ,2012,61.6
YR,M,Y12,AZ,2012,60.6
YR,M,Y13,AZ,2012,59.6
YR,M,Y14,AZ,2012,58.6
YR,M,Y15,AZ,2012,57.6
YR,M,Y16,AZ,2012,56.7
YR,M,Y17,AZ,2012,55.7
YR,M,Y18,AZ,2012,54.7
YR,M,Y19,AZ,2012,53.8
YR,M,Y2,AZ,2012,70.4
YR,M,Y20,AZ,2012,52.8
YR,M,Y21,AZ,2012,51.8
YR,M,Y22,AZ,2012,50.9
YR,M,Y23,AZ,2012,49.9
YR,M,Y24,AZ,2012,49.0
YR,M,Y25,AZ,2012,48.0
YR,M,Y26,AZ,2012,47.0
YR,M,Y27,AZ,2012,46.1
YR,M,Y28,AZ,2012,45.1
YR,M,Y29,AZ,2012,44.2
YR,M,Y3,AZ,2012,69.4
YR,M,Y30,AZ,2012,43.2
YR,M,Y31,AZ,2012,42.3
YR,M,Y32,AZ,2012,41.4
YR,M,Y33,AZ,2012,40.4
YR,M,Y34,AZ,2012,39.5
YR,M,Y35,AZ,2012,38.5
YR,M,Y36,AZ,2012,37.6
YR,M,Y37,AZ,2012,36.7
YR,M,Y38,AZ,2012,35.7
YR,M,Y39,AZ,2012,34.8
YR,M,Y4,AZ,2012,68.5
YR,M,Y40,AZ,2012,33.9
YR,M,Y41,AZ,2012,33.0
YR,M,Y42,AZ,2012,32.1
YR,M,Y43,AZ,2012,31.2
YR,M,Y44,AZ,2012,30.3
YR,M,Y45,AZ,2012,29.4
YR,M,Y46,AZ,2012,28.5
YR,M,Y47,AZ,2012,27.6
YR,M,Y48,AZ,2012,26.8
YR,M,Y49,AZ,2012,25.9
YR,M,Y5,AZ,2012,67.5
YR,M,Y50,AZ,2012,25.1
YR,M,Y51,AZ,2012,24.2
YR,M,Y52,AZ,2012,23.4
YR,M,Y53,AZ,2012,22.6
YR,M,Y54,AZ,2012,21.8
YR,M,Y55,AZ,2012,21.0
YR,M,Y56,AZ,2012,20.2
YR,M,Y57,AZ,2012,19.5
YR,M,Y58,AZ,2012,18.7
YR,M,Y59,AZ,2012,18.0
YR,M,Y6,AZ,2012,66.5
YR,M,Y60,AZ,2012,17.3
YR,M,Y61,AZ,2012,16.6
YR,M,Y62,AZ,2012,15.9
YR,M,Y63,AZ,2012,15.3
YR,M,Y64,AZ,2012,14.6
YR,M,Y65,AZ,2012,14.0
YR,M,Y66,AZ,2012,13.4
YR,M,Y67,AZ,2012,12.8
YR,M,Y68,AZ,2012,12.2
YR,M,Y69,AZ,2012,11.6
YR,M,Y7,AZ,2012,65.5
YR,M,Y70,AZ,2012,11.1
YR,M,Y71,AZ,2012,10.6
YR,M,Y72,AZ,2012,10.1
YR,M,Y73,AZ,2012,9.6
YR,M,Y74,AZ,2012,9.2
YR,M,Y75,AZ,2012,8.7
YR,M,Y76,AZ,2012,8.3
YR,M,Y77,AZ,2012,7.9
YR,M,Y78,AZ,2012,7.5
YR,M,Y79,AZ,2012,7.2
YR,M,Y8,AZ,2012,64.5
YR,M,Y80,AZ,2012,6.9
YR,M,Y81,AZ,2012,6.6
YR,M,Y82,AZ,2012,6.3
YR,M,Y83,AZ,2012,6.1
YR,M,Y84,AZ,2012,5.9
YR,M,Y9,AZ,2012,63.6
YR,M,Y_GE85,AZ,2012,5.7
YR,M,Y_LT1,AZ,2012,71.6
YR,T,Y1,AZ,2012,73.9
YR,T,Y10,AZ,2012,65.2
YR,T,Y11,AZ,2012,64.2
YR,T,Y12,AZ,2012,63.2
YR,T,Y13,AZ,2012,62.2
YR,T,Y14,AZ,2012,61.2
YR,T,Y15,AZ,2012,60.3
YR,T,Y16,AZ,2012,59.3
YR,T,Y17,AZ,2012,58.3
YR,T,Y18,AZ,2012,57.3
YR,T,Y19,AZ,2012,56.4
YR,T,Y2,AZ,2012,73.0
YR,T,Y20,AZ,2012,55.4
YR,T,Y21,AZ,2012,54.4
YR,T,Y22,AZ,2012,53.4
YR,T,Y23,AZ,2012,52.5
YR,T,Y24,AZ,2012,51.5
YR,T,Y25,AZ,2012,50.5
YR,T,Y26,AZ,2012,49.6
YR,T,Y27,AZ,2012,48.6
YR,T,Y28,AZ,2012,47.7
YR,T,Y29,AZ,2012,46.7
YR,T,Y3,AZ,2012,72.1
YR,T,Y30,AZ,2012,45.7
YR,T,Y31,AZ,2012,44.8
YR,T,Y32,AZ,2012,43.8
YR,T,Y33,AZ,2012,42.9
YR,T,Y34,AZ,2012,41.9
YR,T,Y35,AZ,2012,41.0
YR,T,Y36,AZ,2012,40.0
YR,T,Y37,AZ,2012,39.1
YR,T,Y38,AZ,2012,38.1
YR,T,Y39,AZ,2012,37.2
YR,T,Y4,AZ,2012,71.1
YR,T,Y40,AZ,2012,36.2
YR,T,Y41,AZ,2012,35.3
YR,T,Y42,AZ,2012,34.4
YR,T,Y43,AZ,2012,33.5
YR,T,Y44,AZ,2012,32.5
YR,T,Y45,AZ,2012,31.6
YR,T,Y46,AZ,2012,30.7
YR,T,Y47,AZ,2012,29.8
YR,T,Y48,AZ,2012,28.9
YR,T,Y49,AZ,2012,28.0
YR,T,Y5,AZ,2012,70.1
YR,T,Y50,AZ,2012,27.2
YR,T,Y51,AZ,2012,26.3
YR,T,Y52,AZ,2012,25.4
YR,T,Y53,AZ,2012,24.6
YR,T,Y54,AZ,2012,23.7
YR,T,Y55,AZ,2012,22.9
YR,T,Y56,AZ,2012,22.1
YR,T,Y57,AZ,2012,21.3
YR,T,Y58,AZ,2012,20.5
YR,T,Y59,AZ,2012,19.7
YR,T,Y6,AZ,2012,69.1
YR,T,Y60,AZ,2012,18.9
YR,T,Y61,AZ,2012,18.2
YR,T,Y62,AZ,2012,17.4
YR,T,Y63,AZ,2012,16.7
YR,T,Y64,AZ,2012,16.0
YR,T,Y65,AZ,2012,15.3
YR,T,Y66,AZ,2012,14.6
YR,T,Y67,AZ,2012,13.9
YR,T,Y68,AZ,2012,13.2
YR,T,Y69,AZ,2012,12.5
YR,T,Y7,AZ,2012,68.2
YR,T,Y70,AZ,2012,11.9
YR,T,Y71,AZ,2012,11.4
YR,T,Y72,AZ,2012,10.8
YR,T,Y73,AZ,2012,10.3
YR,T,Y74,AZ,2012,9.7
YR,T,Y75,AZ,2012,9.2
YR,T,Y76,AZ,2012,8.8
YR,T,Y77,AZ,2012,8.3
YR,T,Y78,AZ,2012,7.8
YR,T,Y79,AZ,2012,7.4
YR,T,Y8,AZ,2012,67.2
YR,T,Y80,AZ,2012,7.1
YR,T,Y81,AZ,2012,6.7
YR,T,Y82,AZ,2012,6.4
YR,T,Y83,AZ,2012,6.1
YR,T,Y84,AZ,2012,5.8
YR,T,Y9,AZ,2012,66.2
YR,T,Y_GE85,AZ,2012,5.6
YR,T,Y_LT1,AZ,2012,74.1
YR,F,Y1,AZ,2010,75.8
YR,F,Y10,AZ,2010,67.2
YR,F,Y11,AZ,2010,66.2
YR,F,Y12,AZ,2010,65.2
YR,F,Y13,AZ,2010,64.2
YR,F,Y14,AZ,2010,63.2
YR,F,Y15,AZ,2010,62.3
YR,F,Y16,AZ,2010,61.3
YR,F,Y17,AZ,2010,60.3
YR,F,Y18,AZ,2010,59.3
YR,F,Y19,AZ,2010,58.3
YR,F,Y2,AZ,2010,74.9
YR,F,Y20,AZ,2010,57.4
YR,F,Y21,AZ,2010,56.4
YR,F,Y22,AZ,2010,55.4
YR,F,Y23,AZ,2010,54.4
YR,F,Y24,AZ,2010,53.4
YR,F,Y25,AZ,2010,52.5
YR,F,Y26,AZ,2010,51.5
YR,F,Y27,AZ,2010,50.5
YR,F,Y28,AZ,2010,49.5
YR,F,Y29,AZ,2010,48.6
YR,F,Y3,AZ,2010,74.0
YR,F,Y30,AZ,2010,47.6
YR,F,Y31,AZ,2010,46.6
YR,F,Y32,AZ,2010,45.7
YR,F,Y33,AZ,2010,44.7
YR,F,Y34,AZ,2010,43.7
YR,F,Y35,AZ,2010,42.8
YR,F,Y36,AZ,2010,41.8
YR,F,Y37,AZ,2010,40.8
YR,F,Y38,AZ,2010,39.9
YR,F,Y39,AZ,2010,38.9
YR,F,Y4,AZ,2010,73.0
YR,F,Y40,AZ,2010,38.0
YR,F,Y41,AZ,2010,37.0
YR,F,Y42,AZ,2010,36.1
YR,F,Y43,AZ,2010,35.1
YR,F,Y44,AZ,2010,34.2
YR,F,Y45,AZ,2010,33.2
YR,F,Y46,AZ,2010,32.3
YR,F,Y47,AZ,2010,31.3
YR,F,Y48,AZ,2010,30.4
YR,F,Y49,AZ,2010,29.5
YR,F,Y5,AZ,2010,72.1
YR,F,Y50,AZ,2010,28.6
YR,F,Y51,AZ,2010,27.7
YR,F,Y52,AZ,2010,26.8
YR,F,Y53,AZ,2010,25.9
YR,F,Y54,AZ,2010,25.0
YR,F,Y55,AZ,2010,24.1
YR,F,Y56,AZ,2010,23.3
YR,F,Y57,AZ,2010,22.4
YR,F,Y58,AZ,2010,21.5
YR,F,Y59,AZ,2010,20.7
YR,F,Y6,AZ,2010,71.1
YR,F,Y60,AZ,2010,19.9
YR,F,Y61,AZ,2010,19.1
YR,F,Y62,AZ,2010,18.3
YR,F,Y63,AZ,2010,17.5
YR,F,Y64,AZ,2010,16.7
YR,F,Y65,AZ,2010,16.0
YR,F,Y66,AZ,2010,15.2
YR,F,Y67,AZ,2010,14.4
YR,F,Y68,AZ,2010,13.7
YR,F,Y69,AZ,2010,13.1
YR,F,Y7,AZ,2010,70.1
YR,F,Y70,AZ,2010,12.4
YR,F,Y71,AZ,2010,11.8
YR,F,Y72,AZ,2010,11.2
YR,F,Y73,AZ,2010,10.6
YR,F,Y74,AZ,2010,10.0
YR,F,Y75,AZ,2010,9.5
YR,F,Y76,AZ,2010,9.0
YR,F,Y77,AZ,2010,8.6
YR,F,Y78,AZ,2010,8.2
YR,F,Y79,AZ,2010,7.8
YR,F,Y8,AZ,2010,69.1
YR,F,Y80,AZ,2010,7.4
YR,F,Y81,AZ,2010,7.1
YR,F,Y82,AZ,2010,6.7
YR,F,Y83,AZ,2010,6.5
YR,F,Y84,AZ,2010,6.2
YR,F,Y9,AZ,2010,68.2
YR,F,Y_GE85,AZ,2010,6.0
YR,F,Y_LT1,AZ,2010,76.0
YR,M,Y1,AZ,2010,71.0
YR,M,Y10,AZ,2010,62.4
YR,M,Y11,AZ,2010,61.4
YR,M,Y12,AZ,2010,60.4
YR,M,Y13,AZ,2010,59.4
YR,M,Y14,AZ,2010,58.5
YR,M,Y15,AZ,2010,57.5
YR,M,Y16,AZ,2010,56.5
YR,M,Y17,AZ,2010,55.5
YR,M,Y18,AZ,2010,54.6
YR,M,Y19,AZ,2010,53.6
YR,M,Y2,AZ,2010,70.1
YR,M,Y20,AZ,2010,52.7
YR,M,Y21,AZ,2010,51.7
YR,M,Y22,AZ,2010,50.7
YR,M,Y23,AZ,2010,49.8
YR,M,Y24,AZ,2010,48.8
YR,M,Y25,AZ,2010,47.9
YR,M,Y26,AZ,2010,46.9
YR,M,Y27,AZ,2010,46.0
YR,M,Y28,AZ,2010,45.0
YR,M,Y29,AZ,2010,44.1
YR,M,Y3,AZ,2010,69.2
YR,M,Y30,AZ,2010,43.1
YR,M,Y31,AZ,2010,42.2
YR,M,Y32,AZ,2010,41.2
YR,M,Y33,AZ,2010,40.3
YR,M,Y34,AZ,2010,39.4
YR,M,Y35,AZ,2010,38.4
YR,M,Y36,AZ,2010,37.5
YR,M,Y37,AZ,2010,36.6
YR,M,Y38,AZ,2010,35.7
YR,M,Y39,AZ,2010,34.8
YR,M,Y4,AZ,2010,68.2
YR,M,Y40,AZ,2010,33.8
YR,M,Y41,AZ,2010,32.9
YR,M,Y42,AZ,2010,32.0
YR,M,Y43,AZ,2010,31.1
YR,M,Y44,AZ,2010,30.2
YR,M,Y45,AZ,2010,29.3
YR,M,Y46,AZ,2010,28.4
YR,M,Y47,AZ,2010,27.6
YR,M,Y48,AZ,2010,26.7
YR,M,Y49,AZ,2010,25.9
YR,M,Y5,AZ,2010,67.3
YR,M,Y50,AZ,2010,25.0
YR,M,Y51,AZ,2010,24.2
YR,M,Y52,AZ,2010,23.4
YR,M,Y53,AZ,2010,22.5
YR,M,Y54,AZ,2010,21.8
YR,M,Y55,AZ,2010,21.0
YR,M,Y56,AZ,2010,20.2
YR,M,Y57,AZ,2010,19.5
YR,M,Y58,AZ,2010,18.8
YR,M,Y59,AZ,2010,18.1
YR,M,Y6,AZ,2010,66.3
YR,M,Y60,AZ,2010,17.4
YR,M,Y61,AZ,2010,16.7
YR,M,Y62,AZ,2010,16.0
YR,M,Y63,AZ,2010,15.3
YR,M,Y64,AZ,2010,14.7
YR,M,Y65,AZ,2010,14.1
YR,M,Y66,AZ,2010,13.4
YR,M,Y67,AZ,2010,12.8
YR,M,Y68,AZ,2010,12.2
YR,M,Y69,AZ,2010,11.8
YR,M,Y7,AZ,2010,65.3
YR,M,Y70,AZ,2010,11.3
YR,M,Y71,AZ,2010,10.8
YR,M,Y72,AZ,2010,10.3
YR,M,Y73,AZ,2010,9.8
YR,M,Y74,AZ,2010,9.4
YR,M,Y75,AZ,2010,9.0
YR,M,Y76,AZ,2010,8.6
YR,M,Y77,AZ,2010,8.2
YR,M,Y78,AZ,2010,7.9
YR,M,Y79,AZ,2010,7.6
YR,M,Y8,AZ,2010,64.3
YR,M,Y80,AZ,2010,7.3
YR,M,Y81,AZ,2010,7.1
YR,M,Y82,AZ,2010,6.8
YR,M,Y83,AZ,2010,6.7
YR,M,Y84,AZ,2010,6.5
YR,M,Y9,AZ,2010,63.4
YR,M,Y_GE85,AZ,2010,6.4
YR,M,Y_LT1,AZ,2010,71.2
YR,T,Y1,AZ,2010,73.4
YR,T,Y10,AZ,2010,64.8
YR,T,Y11,AZ,2010,63.8
YR,T,Y12,AZ,2010,62.8
YR,T,Y13,AZ,2010,61.8
YR,T,Y14,AZ,2010,60.9
YR,T,Y15,AZ,2010,59.9
YR,T,Y16,AZ,2010,58.9
YR,T,Y17,AZ,2010,57.9
YR,T,Y18,AZ,2010,57.0
YR,T,Y19,AZ,2010,56.0
YR,T,Y2,AZ,2010,72.5
YR,T,Y20,AZ,2010,55.0
YR,T,Y21,AZ,2010,54.1
YR,T,Y22,AZ,2010,53.1
YR,T,Y23,AZ,2010,52.1
YR,T,Y24,AZ,2010,51.2
YR,T,Y25,AZ,2010,50.2
YR,T,Y26,AZ,2010,49.2
YR,T,Y27,AZ,2010,48.3
YR,T,Y28,AZ,2010,47.3
YR,T,Y29,AZ,2010,46.4
YR,T,Y3,AZ,2010,71.6
YR,T,Y30,AZ,2010,45.4
YR,T,Y31,AZ,2010,44.4
YR,T,Y32,AZ,2010,43.5
YR,T,Y33,AZ,2010,42.5
YR,T,Y34,AZ,2010,41.6
YR,T,Y35,AZ,2010,40.7
YR,T,Y36,AZ,2010,39.7
YR,T,Y37,AZ,2010,38.8
YR,T,Y38,AZ,2010,37.8
YR,T,Y39,AZ,2010,36.9
YR,T,Y4,AZ,2010,70.7
YR,T,Y40,AZ,2010,35.9
YR,T,Y41,AZ,2010,35.0
YR,T,Y42,AZ,2010,34.1
YR,T,Y43,AZ,2010,33.2
YR,T,Y44,AZ,2010,32.2
YR,T,Y45,AZ,2010,31.3
YR,T,Y46,AZ,2010,30.4
YR,T,Y47,AZ,2010,29.5
YR,T,Y48,AZ,2010,28.6
YR,T,Y49,AZ,2010,27.7
YR,T,Y5,AZ,2010,69.7
YR,T,Y50,AZ,2010,26.9
YR,T,Y51,AZ,2010,26.0
YR,T,Y52,AZ,2010,25.1
YR,T,Y53,AZ,2010,24.3
YR,T,Y54,AZ,2010,23.4
YR,T,Y55,AZ,2010,22.6
YR,T,Y56,AZ,2010,21.8
YR,T,Y57,AZ,2010,21.0
YR,T,Y58,AZ,2010,20.2
YR,T,Y59,AZ,2010,19.5
YR,T,Y6,AZ,2010,68.7
YR,T,Y60,AZ,2010,18.7
YR,T,Y61,AZ,2010,18.0
YR,T,Y62,AZ,2010,17.2
YR,T,Y63,AZ,2010,16.5
YR,T,Y64,AZ,2010,15.8
YR,T,Y65,AZ,2010,15.1
YR,T,Y66,AZ,2010,14.4
YR,T,Y67,AZ,2010,13.7
YR,T,Y68,AZ,2010,13.0
YR,T,Y69,AZ,2010,12.5
YR,T,Y7,AZ,2010,67.7
YR,T,Y70,AZ,2010,11.9
YR,T,Y71,AZ,2010,11.3
YR,T,Y72,AZ,2010,10.8
YR,T,Y73,AZ,2010,10.2
YR,T,Y74,AZ,2010,9.7
YR,T,Y75,AZ,2010,9.3
YR,T,Y76,AZ,2010,8.8
YR,T,Y77,AZ,2010,8.4
YR,T,Y78,AZ,2010,8.0
YR,T,Y79,AZ,2010,7.7
YR,T,Y8,AZ,2010,66.8
YR,T,Y80,AZ,2010,7.3
YR,T,Y81,AZ,2010,7.0
YR,T,Y82,AZ,2010,6.7
YR,T,Y83,AZ,2010,6.5
YR,T,Y84,AZ,2010,6.3
YR,T,Y9,AZ,2010,65.8
YR,T,Y_GE85,AZ,2010,6.1
YR,T,Y_LT1,AZ,2010,73.6
YR,F,Y1,AZ,2009,76.1
YR,F,Y10,AZ,2009,67.5
YR,F,Y11,AZ,2009,66.5
YR,F,Y12,AZ,2009,65.5
YR,F,Y13,AZ,2009,64.5
YR,F,Y14,AZ,2009,63.5
YR,F,Y15,AZ,2009,62.6
YR,F,Y16,AZ,2009,61.6
YR,F,Y17,AZ,2009,60.6
YR,F,Y18,AZ,2009,59.6
YR,F,Y19,AZ,2009,58.6
YR,F,Y2,AZ,2009,75.2
YR,F,Y20,AZ,2009,57.6
YR,F,Y21,AZ,2009,56.7
YR,F,Y22,AZ,2009,55.7
YR,F,Y23,AZ,2009,54.7
YR,F,Y24,AZ,2009,53.7
YR,F,Y25,AZ,2009,52.8
YR,F,Y26,AZ,2009,51.8
YR,F,Y27,AZ,2009,50.8
YR,F,Y28,AZ,2009,49.8
YR,F,Y29,AZ,2009,48.9
YR,F,Y3,AZ,2009,74.3
YR,F,Y30,AZ,2009,47.9
YR,F,Y31,AZ,2009,46.9
YR,F,Y32,AZ,2009,46.0
YR,F,Y33,AZ,2009,45.0
YR,F,Y34,AZ,2009,44.0
YR,F,Y35,AZ,2009,43.1
YR,F,Y36,AZ,2009,42.1
YR,F,Y37,AZ,2009,41.1
YR,F,Y38,AZ,2009,40.2
YR,F,Y39,AZ,2009,39.2
YR,F,Y4,AZ,2009,73.3
YR,F,Y40,AZ,2009,38.3
YR,F,Y41,AZ,2009,37.3
YR,F,Y42,AZ,2009,36.4
YR,F,Y43,AZ,2009,35.4
YR,F,Y44,AZ,2009,34.5
YR,F,Y45,AZ,2009,33.5
YR,F,Y46,AZ,2009,32.6
YR,F,Y47,AZ,2009,31.7
YR,F,Y48,AZ,2009,30.7
YR,F,Y49,AZ,2009,29.8
YR,F,Y5,AZ,2009,72.3
YR,F,Y50,AZ,2009,28.9
YR,F,Y51,AZ,2009,28.0
YR,F,Y52,AZ,2009,27.1
YR,F,Y53,AZ,2009,26.2
YR,F,Y54,AZ,2009,25.3
YR,F,Y55,AZ,2009,24.5
YR,F,Y56,AZ,2009,23.6
YR,F,Y57,AZ,2009,22.8
YR,F,Y58,AZ,2009,21.9
YR,F,Y59,AZ,2009,21.1
YR,F,Y6,AZ,2009,71.4
YR,F,Y60,AZ,2009,20.2
YR,F,Y61,AZ,2009,19.4
YR,F,Y62,AZ,2009,18.6
YR,F,Y63,AZ,2009,17.9
YR,F,Y64,AZ,2009,17.1
YR,F,Y65,AZ,2009,16.3
YR,F,Y66,AZ,2009,15.5
YR,F,Y67,AZ,2009,14.8
YR,F,Y68,AZ,2009,14.1
YR,F,Y69,AZ,2009,13.4
YR,F,Y7,AZ,2009,70.4
YR,F,Y70,AZ,2009,12.7
YR,F,Y71,AZ,2009,12.1
YR,F,Y72,AZ,2009,11.5
YR,F,Y73,AZ,2009,10.9
YR,F,Y74,AZ,2009,10.4
YR,F,Y75,AZ,2009,9.9
YR,F,Y76,AZ,2009,9.4
YR,F,Y77,AZ,2009,8.9
YR,F,Y78,AZ,2009,8.5
YR,F,Y79,AZ,2009,8.1
YR,F,Y8,AZ,2009,69.4
YR,F,Y80,AZ,2009,7.8
YR,F,Y81,AZ,2009,7.4
YR,F,Y82,AZ,2009,7.1
YR,F,Y83,AZ,2009,6.8
YR,F,Y84,AZ,2009,6.5
YR,F,Y9,AZ,2009,68.4
YR,F,Y_GE85,AZ,2009,6.2
YR,F,Y_LT1,AZ,2009,76.3
YR,M,Y1,AZ,2009,71.2
YR,M,Y10,AZ,2009,62.6
YR,M,Y11,AZ,2009,61.6
YR,M,Y12,AZ,2009,60.6
YR,M,Y13,AZ,2009,59.7
YR,M,Y14,AZ,2009,58.7
YR,M,Y15,AZ,2009,57.7
YR,M,Y16,AZ,2009,56.7
YR,M,Y17,AZ,2009,55.8
YR,M,Y18,AZ,2009,54.8
YR,M,Y19,AZ,2009,53.8
YR,M,Y2,AZ,2009,70.3
YR,M,Y20,AZ,2009,52.9
YR,M,Y21,AZ,2009,51.9
YR,M,Y22,AZ,2009,50.9
YR,M,Y23,AZ,2009,50.0
YR,M,Y24,AZ,2009,49.0
YR,M,Y25,AZ,2009,48.1
YR,M,Y26,AZ,2009,47.1
YR,M,Y27,AZ,2009,46.2
YR,M,Y28,AZ,2009,45.2
YR,M,Y29,AZ,2009,44.3
YR,M,Y3,AZ,2009,69.4
YR,M,Y30,AZ,2009,43.3
YR,M,Y31,AZ,2009,42.4
YR,M,Y32,AZ,2009,41.4
YR,M,Y33,AZ,2009,40.5
YR,M,Y34,AZ,2009,39.6
YR,M,Y35,AZ,2009,38.6
YR,M,Y36,AZ,2009,37.7
YR,M,Y37,AZ,2009,36.8
YR,M,Y38,AZ,2009,35.9
YR,M,Y39,AZ,2009,34.9
YR,M,Y4,AZ,2009,68.4
YR,M,Y40,AZ,2009,34.0
YR,M,Y41,AZ,2009,33.1
YR,M,Y42,AZ,2009,32.2
YR,M,Y43,AZ,2009,31.3
YR,M,Y44,AZ,2009,30.4
YR,M,Y45,AZ,2009,29.5
YR,M,Y46,AZ,2009,28.7
YR,M,Y47,AZ,2009,27.8
YR,M,Y48,AZ,2009,26.9
YR,M,Y49,AZ,2009,26.1
YR,M,Y5,AZ,2009,67.5
YR,M,Y50,AZ,2009,25.3
YR,M,Y51,AZ,2009,24.4
YR,M,Y52,AZ,2009,23.6
YR,M,Y53,AZ,2009,22.8
YR,M,Y54,AZ,2009,22.0
YR,M,Y55,AZ,2009,21.3
YR,M,Y56,AZ,2009,20.5
YR,M,Y57,AZ,2009,19.8
YR,M,Y58,AZ,2009,19.1
YR,M,Y59,AZ,2009,18.3
YR,M,Y6,AZ,2009,66.5
YR,M,Y60,AZ,2009,17.6
YR,M,Y61,AZ,2009,16.9
YR,M,Y62,AZ,2009,16.3
YR,M,Y63,AZ,2009,15.7
YR,M,Y64,AZ,2009,15.0
YR,M,Y65,AZ,2009,14.4
YR,M,Y66,AZ,2009,13.8
YR,M,Y67,AZ,2009,13.2
YR,M,Y68,AZ,2009,12.7
YR,M,Y69,AZ,2009,12.1
YR,M,Y7,AZ,2009,65.5
YR,M,Y70,AZ,2009,11.7
YR,M,Y71,AZ,2009,11.2
YR,M,Y72,AZ,2009,10.7
YR,M,Y73,AZ,2009,10.3
YR,M,Y74,AZ,2009,9.9
YR,M,Y75,AZ,2009,9.5
YR,M,Y76,AZ,2009,9.2
YR,M,Y77,AZ,2009,8.8
YR,M,Y78,AZ,2009,8.6
YR,M,Y79,AZ,2009,8.3
YR,M,Y8,AZ,2009,64.5
YR,M,Y80,AZ,2009,8.1
YR,M,Y81,AZ,2009,7.9
YR,M,Y82,AZ,2009,7.8
YR,M,Y83,AZ,2009,7.7
YR,M,Y84,AZ,2009,7.6
YR,M,Y9,AZ,2009,63.6
YR,M,Y_GE85,AZ,2009,7.6
YR,M,Y_LT1,AZ,2009,71.4
YR,T,Y1,AZ,2009,73.7
YR,T,Y10,AZ,2009,65.0
YR,T,Y11,AZ,2009,64.1
YR,T,Y12,AZ,2009,63.1
YR,T,Y13,AZ,2009,62.1
YR,T,Y14,AZ,2009,61.1
YR,T,Y15,AZ,2009,60.1
YR,T,Y16,AZ,2009,59.2
YR,T,Y17,AZ,2009,58.2
YR,T,Y18,AZ,2009,57.2
YR,T,Y19,AZ,2009,56.2
YR,T,Y2,AZ,2009,72.8
YR,T,Y20,AZ,2009,55.3
YR,T,Y21,AZ,2009,54.3
YR,T,Y22,AZ,2009,53.3
YR,T,Y23,AZ,2009,52.4
YR,T,Y24,AZ,2009,51.4
YR,T,Y25,AZ,2009,50.4
YR,T,Y26,AZ,2009,49.5
YR,T,Y27,AZ,2009,48.5
YR,T,Y28,AZ,2009,47.6
YR,T,Y29,AZ,2009,46.6
YR,T,Y3,AZ,2009,71.8
YR,T,Y30,AZ,2009,45.6
YR,T,Y31,AZ,2009,44.7
YR,T,Y32,AZ,2009,43.7
YR,T,Y33,AZ,2009,42.8
YR,T,Y34,AZ,2009,41.8
YR,T,Y35,AZ,2009,40.9
YR,T,Y36,AZ,2009,39.9
YR,T,Y37,AZ,2009,39.0
YR,T,Y38,AZ,2009,38.1
YR,T,Y39,AZ,2009,37.1
YR,T,Y4,AZ,2009,70.9
YR,T,Y40,AZ,2009,36.2
YR,T,Y41,AZ,2009,35.2
YR,T,Y42,AZ,2009,34.3
YR,T,Y43,AZ,2009,33.4
YR,T,Y44,AZ,2009,32.5
YR,T,Y45,AZ,2009,31.6
YR,T,Y46,AZ,2009,30.7
YR,T,Y47,AZ,2009,29.8
YR,T,Y48,AZ,2009,28.9
YR,T,Y49,AZ,2009,28.0
YR,T,Y5,AZ,2009,69.9
YR,T,Y50,AZ,2009,27.1
YR,T,Y51,AZ,2009,26.3
YR,T,Y52,AZ,2009,25.4
YR,T,Y53,AZ,2009,24.6
YR,T,Y54,AZ,2009,23.7
YR,T,Y55,AZ,2009,22.9
YR,T,Y56,AZ,2009,22.1
YR,T,Y57,AZ,2009,21.3
YR,T,Y58,AZ,2009,20.5
YR,T,Y59,AZ,2009,19.8
YR,T,Y6,AZ,2009,68.9
YR,T,Y60,AZ,2009,19.0
YR,T,Y61,AZ,2009,18.2
YR,T,Y62,AZ,2009,17.5
YR,T,Y63,AZ,2009,16.8
YR,T,Y64,AZ,2009,16.1
YR,T,Y65,AZ,2009,15.4
YR,T,Y66,AZ,2009,14.7
YR,T,Y67,AZ,2009,14.0
YR,T,Y68,AZ,2009,13.4
YR,T,Y69,AZ,2009,12.8
YR,T,Y7,AZ,2009,68.0
YR,T,Y70,AZ,2009,12.2
YR,T,Y71,AZ,2009,11.6
YR,T,Y72,AZ,2009,11.1
YR,T,Y73,AZ,2009,10.6
YR,T,Y74,AZ,2009,10.1
YR,T,Y75,AZ,2009,9.7
YR,T,Y76,AZ,2009,9.2
YR,T,Y77,AZ,2009,8.8
YR,T,Y78,AZ,2009,8.5
YR,T,Y79,AZ,2009,8.1
YR,T,Y8,AZ,2009,67.0
YR,T,Y80,AZ,2009,7.8
YR,T,Y81,AZ,2009,7.5
YR,T,Y82,AZ,2009,7.3
YR,T,Y83,AZ,2009,7.0
YR,T,Y84,AZ,2009,6.8
YR,T,Y9,AZ,2009,66.0
YR,T,Y_GE85,AZ,2009,6.6
YR,T,Y_LT1,AZ,2009,73.8
YR,F,Y1,AZ,2008,76.1
YR,F,Y10,AZ,2008,67.4
YR,F,Y11,AZ,2008,66.5
YR,F,Y12,AZ,2008,65.5
YR,F,Y13,AZ,2008,64.5
YR,F,Y14,AZ,2008,63.5
YR,F,Y15,AZ,2008,62.5
YR,F,Y16,AZ,2008,61.6
YR,F,Y17,AZ,2008,60.6
YR,F,Y18,AZ,2008,59.6
YR,F,Y19,AZ,2008,58.6
YR,F,Y2,AZ,2008,75.2
YR,F,Y20,AZ,2008,57.6
YR,F,Y21,AZ,2008,56.7
YR,F,Y22,AZ,2008,55.7
YR,F,Y23,AZ,2008,54.7
YR,F,Y24,AZ,2008,53.7
YR,F,Y25,AZ,2008,52.8
YR,F,Y26,AZ,2008,51.8
YR,F,Y27,AZ,2008,50.8
YR,F,Y28,AZ,2008,49.8
YR,F,Y29,AZ,2008,48.9
YR,F,Y3,AZ,2008,74.3
YR,F,Y30,AZ,2008,47.9
YR,F,Y31,AZ,2008,46.9
YR,F,Y32,AZ,2008,46.0
YR,F,Y33,AZ,2008,45.0
YR,F,Y34,AZ,2008,44.0
YR,F,Y35,AZ,2008,43.0
YR,F,Y36,AZ,2008,42.1
YR,F,Y37,AZ,2008,41.1
YR,F,Y38,AZ,2008,40.2
YR,F,Y39,AZ,2008,39.2
YR,F,Y4,AZ,2008,73.3
YR,F,Y40,AZ,2008,38.3
YR,F,Y41,AZ,2008,37.3
YR,F,Y42,AZ,2008,36.4
YR,F,Y43,AZ,2008,35.4
YR,F,Y44,AZ,2008,34.5
YR,F,Y45,AZ,2008,33.5
YR,F,Y46,AZ,2008,32.6
YR,F,Y47,AZ,2008,31.7
YR,F,Y48,AZ,2008,30.7
YR,F,Y49,AZ,2008,29.8
YR,F,Y5,AZ,2008,72.3
YR,F,Y50,AZ,2008,28.9
YR,F,Y51,AZ,2008,28.0
YR,F,Y52,AZ,2008,27.1
YR,F,Y53,AZ,2008,26.2
YR,F,Y54,AZ,2008,25.3
YR,F,Y55,AZ,2008,24.4
YR,F,Y56,AZ,2008,23.6
YR,F,Y57,AZ,2008,22.7
YR,F,Y58,AZ,2008,21.9
YR,F,Y59,AZ,2008,21.1
YR,F,Y6,AZ,2008,71.4
YR,F,Y60,AZ,2008,20.3
YR,F,Y61,AZ,2008,19.5
YR,F,Y62,AZ,2008,18.7
YR,F,Y63,AZ,2008,17.9
YR,F,Y64,AZ,2008,17.1
YR,F,Y65,AZ,2008,16.4
YR,F,Y66,AZ,2008,15.6
YR,F,Y67,AZ,2008,14.9
YR,F,Y68,AZ,2008,14.2
YR,F,Y69,AZ,2008,13.6
YR,F,Y7,AZ,2008,70.4
YR,F,Y70,AZ,2008,12.9
YR,F,Y71,AZ,2008,12.3
YR,F,Y72,AZ,2008,11.7
YR,F,Y73,AZ,2008,11.1
YR,F,Y74,AZ,2008,10.6
YR,F,Y75,AZ,2008,10.1
YR,F,Y76,AZ,2008,9.6
YR,F,Y77,AZ,2008,9.1
YR,F,Y78,AZ,2008,8.7
YR,F,Y79,AZ,2008,8.3
YR,F,Y8,AZ,2008,69.4
YR,F,Y80,AZ,2008,7.9
YR,F,Y81,AZ,2008,7.6
YR,F,Y82,AZ,2008,7.3
YR,F,Y83,AZ,2008,7.0
YR,F,Y84,AZ,2008,6.7
YR,F,Y9,AZ,2008,68.4
YR,F,Y_GE85,AZ,2008,6.3
YR,F,Y_LT1,AZ,2008,76.3
YR,M,Y1,AZ,2008,70.9
YR,M,Y10,AZ,2008,62.2
YR,M,Y11,AZ,2008,61.3
YR,M,Y12,AZ,2008,60.3
YR,M,Y13,AZ,2008,59.3
YR,M,Y14,AZ,2008,58.3
YR,M,Y15,AZ,2008,57.4
YR,M,Y16,AZ,2008,56.4
YR,M,Y17,AZ,2008,55.4
YR,M,Y18,AZ,2008,54.5
YR,M,Y19,AZ,2008,53.5
YR,M,Y2,AZ,2008,70.0
YR,M,Y20,AZ,2008,52.5
YR,M,Y21,AZ,2008,51.6
YR,M,Y22,AZ,2008,50.6
YR,M,Y23,AZ,2008,49.7
YR,M,Y24,AZ,2008,48.7
YR,M,Y25,AZ,2008,47.7
YR,M,Y26,AZ,2008,46.8
YR,M,Y27,AZ,2008,45.8
YR,M,Y28,AZ,2008,44.9
YR,M,Y29,AZ,2008,44.0
YR,M,Y3,AZ,2008,69.0
YR,M,Y30,AZ,2008,43.0
YR,M,Y31,AZ,2008,42.1
YR,M,Y32,AZ,2008,41.2
YR,M,Y33,AZ,2008,40.2
YR,M,Y34,AZ,2008,39.3
YR,M,Y35,AZ,2008,38.4
YR,M,Y36,AZ,2008,37.5
YR,M,Y37,AZ,2008,36.6
YR,M,Y38,AZ,2008,35.6
YR,M,Y39,AZ,2008,34.7
YR,M,Y4,AZ,2008,68.1
YR,M,Y40,AZ,2008,33.8
YR,M,Y41,AZ,2008,32.9
YR,M,Y42,AZ,2008,32.0
YR,M,Y43,AZ,2008,31.2
YR,M,Y44,AZ,2008,30.3
YR,M,Y45,AZ,2008,29.4
YR,M,Y46,AZ,2008,28.5
YR,M,Y47,AZ,2008,27.7
YR,M,Y48,AZ,2008,26.8
YR,M,Y49,AZ,2008,26.0
YR,M,Y5,AZ,2008,67.1
YR,M,Y50,AZ,2008,25.1
YR,M,Y51,AZ,2008,24.3
YR,M,Y52,AZ,2008,23.5
YR,M,Y53,AZ,2008,22.7
YR,M,Y54,AZ,2008,21.9
YR,M,Y55,AZ,2008,21.2
YR,M,Y56,AZ,2008,20.4
YR,M,Y57,AZ,2008,19.7
YR,M,Y58,AZ,2008,19.0
YR,M,Y59,AZ,2008,18.3
YR,M,Y6,AZ,2008,66.1
YR,M,Y60,AZ,2008,17.7
YR,M,Y61,AZ,2008,17.0
YR,M,Y62,AZ,2008,16.4
YR,M,Y63,AZ,2008,15.8
YR,M,Y64,AZ,2008,15.2
YR,M,Y65,AZ,2008,14.6
YR,M,Y66,AZ,2008,14.0
YR,M,Y67,AZ,2008,13.4
YR,M,Y68,AZ,2008,12.9
YR,M,Y69,AZ,2008,12.4
YR,M,Y7,AZ,2008,65.2
YR,M,Y70,AZ,2008,11.9
YR,M,Y71,AZ,2008,11.5
YR,M,Y72,AZ,2008,11.1
YR,M,Y73,AZ,2008,10.7
YR,M,Y74,AZ,2008,10.3
YR,M,Y75,AZ,2008,10.0
YR,M,Y76,AZ,2008,9.7
YR,M,Y77,AZ,2008,9.4
YR,M,Y78,AZ,2008,9.1
YR,M,Y79,AZ,2008,8.8
YR,M,Y8,AZ,2008,64.2
YR,M,Y80,AZ,2008,8.7
YR,M,Y81,AZ,2008,8.6
YR,M,Y82,AZ,2008,8.6
YR,M,Y83,AZ,2008,8.6
YR,M,Y84,AZ,2008,8.5
YR,M,Y9,AZ,2008,63.2
YR,M,Y_GE85,AZ,2008,8.3
YR,M,Y_LT1,AZ,2008,71.1
YR,T,Y1,AZ,2008,73.5
YR,T,Y10,AZ,2008,64.8
YR,T,Y11,AZ,2008,63.9
YR,T,Y12,AZ,2008,62.9
YR,T,Y13,AZ,2008,61.9
YR,T,Y14,AZ,2008,60.9
YR,T,Y15,AZ,2008,59.9
YR,T,Y16,AZ,2008,59.0
YR,T,Y17,AZ,2008,58.0
YR,T,Y18,AZ,2008,57.0
YR,T,Y19,AZ,2008,56.1
YR,T,Y2,AZ,2008,72.6
YR,T,Y20,AZ,2008,55.1
YR,T,Y21,AZ,2008,54.1
YR,T,Y22,AZ,2008,53.1
YR,T,Y23,AZ,2008,52.2
YR,T,Y24,AZ,2008,51.2
YR,T,Y25,AZ,2008,50.2
YR,T,Y26,AZ,2008,49.3
YR,T,Y27,AZ,2008,48.3
YR,T,Y28,AZ,2008,47.4
YR,T,Y29,AZ,2008,46.4
YR,T,Y3,AZ,2008,71.6
YR,T,Y30,AZ,2008,45.5
YR,T,Y31,AZ,2008,44.5
YR,T,Y32,AZ,2008,43.6
YR,T,Y33,AZ,2008,42.6
YR,T,Y34,AZ,2008,41.7
YR,T,Y35,AZ,2008,40.7
YR,T,Y36,AZ,2008,39.8
YR,T,Y37,AZ,2008,38.8
YR,T,Y38,AZ,2008,37.9
YR,T,Y39,AZ,2008,37.0
YR,T,Y4,AZ,2008,70.7
YR,T,Y40,AZ,2008,36.0
YR,T,Y41,AZ,2008,35.1
YR,T,Y42,AZ,2008,34.2
YR,T,Y43,AZ,2008,33.3
YR,T,Y44,AZ,2008,32.4
YR,T,Y45,AZ,2008,31.5
YR,T,Y46,AZ,2008,30.6
YR,T,Y47,AZ,2008,29.7
YR,T,Y48,AZ,2008,28.8
YR,T,Y49,AZ,2008,27.9
YR,T,Y5,AZ,2008,69.7
YR,T,Y50,AZ,2008,27.0
YR,T,Y51,AZ,2008,26.1
YR,T,Y52,AZ,2008,25.3
YR,T,Y53,AZ,2008,24.5
YR,T,Y54,AZ,2008,23.6
YR,T,Y55,AZ,2008,22.8
YR,T,Y56,AZ,2008,22.0
YR,T,Y57,AZ,2008,21.3
YR,T,Y58,AZ,2008,20.5
YR,T,Y59,AZ,2008,19.7
YR,T,Y6,AZ,2008,68.7
YR,T,Y60,AZ,2008,19.0
YR,T,Y61,AZ,2008,18.3
YR,T,Y62,AZ,2008,17.6
YR,T,Y63,AZ,2008,16.9
YR,T,Y64,AZ,2008,16.2
YR,T,Y65,AZ,2008,15.5
YR,T,Y66,AZ,2008,14.8
YR,T,Y67,AZ,2008,14.2
YR,T,Y68,AZ,2008,13.6
YR,T,Y69,AZ,2008,13.0
YR,T,Y7,AZ,2008,67.8
YR,T,Y70,AZ,2008,12.4
YR,T,Y71,AZ,2008,11.8
YR,T,Y72,AZ,2008,11.3
YR,T,Y73,AZ,2008,10.8
YR,T,Y74,AZ,2008,10.3
YR,T,Y75,AZ,2008,9.9
YR,T,Y76,AZ,2008,9.5
YR,T,Y77,AZ,2008,9.1
YR,T,Y78,AZ,2008,8.7
YR,T,Y79,AZ,2008,8.4
YR,T,Y8,AZ,2008,66.8
YR,T,Y80,AZ,2008,8.1
YR,T,Y81,AZ,2008,7.8
YR,T,Y82,AZ,2008,7.6
YR,T,Y83,AZ,2008,7.4
YR,T,Y84,AZ,2008,7.1
YR,T,Y9,AZ,2008,65.8
YR,T,Y_GE85,AZ,2008,6.8
YR,T,Y_LT1,AZ,2008,73.6
YR,F,Y1,AZ,2007,75.4
YR,F,Y10,AZ,2007,66.8
YR,F,Y11,AZ,2007,65.8
YR,F,Y12,AZ,2007,64.8
YR,F,Y13,AZ,2007,63.9
YR,F,Y14,AZ,2007,62.9
YR,F,Y15,AZ,2007,61.9
YR,F,Y16,AZ,2007,60.9
YR,F,Y17,AZ,2007,59.9
YR,F,Y18,AZ,2007,59.0
YR,F,Y19,AZ,2007,58.0
YR,F,Y2,AZ,2007,74.5
YR,F,Y20,AZ,2007,57.0
YR,F,Y21,AZ,2007,56.0
YR,F,Y22,AZ,2007,55.1
YR,F,Y23,AZ,2007,54.1
YR,F,Y24,AZ,2007,53.1
YR,F,Y25,AZ,2007,52.1
YR,F,Y26,AZ,2007,51.2
YR,F,Y27,AZ,2007,50.2
YR,F,Y28,AZ,2007,49.2
YR,F,Y29,AZ,2007,48.3
YR,F,Y3,AZ,2007,73.6
YR,F,Y30,AZ,2007,47.3
YR,F,Y31,AZ,2007,46.4
YR,F,Y32,AZ,2007,45.4
YR,F,Y33,AZ,2007,44.4
YR,F,Y34,AZ,2007,43.4
YR,F,Y35,AZ,2007,42.5
YR,F,Y36,AZ,2007,41.5
YR,F,Y37,AZ,2007,40.6
YR,F,Y38,AZ,2007,39.6
YR,F,Y39,AZ,2007,38.6
YR,F,Y4,AZ,2007,72.7
YR,F,Y40,AZ,2007,37.7
YR,F,Y41,AZ,2007,36.7
YR,F,Y42,AZ,2007,35.8
YR,F,Y43,AZ,2007,34.9
YR,F,Y44,AZ,2007,33.9
YR,F,Y45,AZ,2007,33.0
YR,F,Y46,AZ,2007,32.0
YR,F,Y47,AZ,2007,31.1
YR,F,Y48,AZ,2007,30.2
YR,F,Y49,AZ,2007,29.3
YR,F,Y5,AZ,2007,71.7
YR,F,Y50,AZ,2007,28.3
YR,F,Y51,AZ,2007,27.5
YR,F,Y52,AZ,2007,26.6
YR,F,Y53,AZ,2007,25.7
YR,F,Y54,AZ,2007,24.8
YR,F,Y55,AZ,2007,23.9
YR,F,Y56,AZ,2007,23.1
YR,F,Y57,AZ,2007,22.2
YR,F,Y58,AZ,2007,21.4
YR,F,Y59,AZ,2007,20.5
YR,F,Y6,AZ,2007,70.7
YR,F,Y60,AZ,2007,19.7
YR,F,Y61,AZ,2007,19.0
YR,F,Y62,AZ,2007,18.2
YR,F,Y63,AZ,2007,17.4
YR,F,Y64,AZ,2007,16.6
YR,F,Y65,AZ,2007,15.8
YR,F,Y66,AZ,2007,15.1
YR,F,Y67,AZ,2007,14.4
YR,F,Y68,AZ,2007,13.7
YR,F,Y69,AZ,2007,13.1
YR,F,Y7,AZ,2007,69.7
YR,F,Y70,AZ,2007,12.4
YR,F,Y71,AZ,2007,11.8
YR,F,Y72,AZ,2007,11.2
YR,F,Y73,AZ,2007,10.7
YR,F,Y74,AZ,2007,10.1
YR,F,Y75,AZ,2007,9.6
YR,F,Y76,AZ,2007,9.1
YR,F,Y77,AZ,2007,8.7
YR,F,Y78,AZ,2007,8.3
YR,F,Y79,AZ,2007,7.9
YR,F,Y8,AZ,2007,68.8
YR,F,Y80,AZ,2007,7.5
YR,F,Y81,AZ,2007,7.2
YR,F,Y82,AZ,2007,6.8
YR,F,Y83,AZ,2007,6.5
YR,F,Y84,AZ,2007,6.0
YR,F,Y9,AZ,2007,67.8
YR,F,Y_GE85,AZ,2007,5.7
YR,F,Y_LT1,AZ,2007,75.5
YR,M,Y1,AZ,2007,70.0
YR,M,Y10,AZ,2007,61.4
YR,M,Y11,AZ,2007,60.5
YR,M,Y12,AZ,2007,59.5
YR,M,Y13,AZ,2007,58.5
YR,M,Y14,AZ,2007,57.5
YR,M,Y15,AZ,2007,56.6
YR,M,Y16,AZ,2007,55.6
YR,M,Y17,AZ,2007,54.6
YR,M,Y18,AZ,2007,53.6
YR,M,Y19,AZ,2007,52.7
YR,M,Y2,AZ,2007,69.1
YR,M,Y20,AZ,2007,51.7
YR,M,Y21,AZ,2007,50.8
YR,M,Y22,AZ,2007,49.9
YR,M,Y23,AZ,2007,48.9
YR,M,Y24,AZ,2007,47.9
YR,M,Y25,AZ,2007,47.0
YR,M,Y26,AZ,2007,46.0
YR,M,Y27,AZ,2007,45.1
YR,M,Y28,AZ,2007,44.2
YR,M,Y29,AZ,2007,43.2
YR,M,Y3,AZ,2007,68.2
YR,M,Y30,AZ,2007,42.3
YR,M,Y31,AZ,2007,41.4
YR,M,Y32,AZ,2007,40.5
YR,M,Y33,AZ,2007,39.6
YR,M,Y34,AZ,2007,38.7
YR,M,Y35,AZ,2007,37.8
YR,M,Y36,AZ,2007,36.9
YR,M,Y37,AZ,2007,35.9
YR,M,Y38,AZ,2007,35.0
YR,M,Y39,AZ,2007,34.2
YR,M,Y4,AZ,2007,67.3
YR,M,Y40,AZ,2007,33.3
YR,M,Y41,AZ,2007,32.4
YR,M,Y42,AZ,2007,31.5
YR,M,Y43,AZ,2007,30.6
YR,M,Y44,AZ,2007,29.7
YR,M,Y45,AZ,2007,28.9
YR,M,Y46,AZ,2007,28.0
YR,M,Y47,AZ,2007,27.1
YR,M,Y48,AZ,2007,26.3
YR,M,Y49,AZ,2007,25.5
YR,M,Y5,AZ,2007,66.3
YR,M,Y50,AZ,2007,24.6
YR,M,Y51,AZ,2007,23.8
YR,M,Y52,AZ,2007,23.0
YR,M,Y53,AZ,2007,22.3
YR,M,Y54,AZ,2007,21.5
YR,M,Y55,AZ,2007,20.7
YR,M,Y56,AZ,2007,20.0
YR,M,Y57,AZ,2007,19.3
YR,M,Y58,AZ,2007,18.6
YR,M,Y59,AZ,2007,17.9
YR,M,Y6,AZ,2007,65.3
YR,M,Y60,AZ,2007,17.2
YR,M,Y61,AZ,2007,16.6
YR,M,Y62,AZ,2007,15.9
YR,M,Y63,AZ,2007,15.3
YR,M,Y64,AZ,2007,14.7
YR,M,Y65,AZ,2007,14.1
YR,M,Y66,AZ,2007,13.5
YR,M,Y67,AZ,2007,13.0
YR,M,Y68,AZ,2007,12.5
YR,M,Y69,AZ,2007,12.0
YR,M,Y7,AZ,2007,64.4
YR,M,Y70,AZ,2007,11.5
YR,M,Y71,AZ,2007,11.1
YR,M,Y72,AZ,2007,10.6
YR,M,Y73,AZ,2007,10.2
YR,M,Y74,AZ,2007,9.8
YR,M,Y75,AZ,2007,9.5
YR,M,Y76,AZ,2007,9.2
YR,M,Y77,AZ,2007,8.8
YR,M,Y78,AZ,2007,8.6
YR,M,Y79,AZ,2007,8.3
YR,M,Y8,AZ,2007,63.4
YR,M,Y80,AZ,2007,8.1
YR,M,Y81,AZ,2007,8.0
YR,M,Y82,AZ,2007,7.9
YR,M,Y83,AZ,2007,7.8
YR,M,Y84,AZ,2007,7.6
YR,M,Y9,AZ,2007,62.4
YR,M,Y_GE85,AZ,2007,7.4
YR,M,Y_LT1,AZ,2007,70.1
YR,T,Y1,AZ,2007,72.7
YR,T,Y10,AZ,2007,64.1
YR,T,Y11,AZ,2007,63.1
YR,T,Y12,AZ,2007,62.1
YR,T,Y13,AZ,2007,61.2
YR,T,Y14,AZ,2007,60.2
YR,T,Y15,AZ,2007,59.2
YR,T,Y16,AZ,2007,58.2
YR,T,Y17,AZ,2007,57.3
YR,T,Y18,AZ,2007,56.3
YR,T,Y19,AZ,2007,55.3
YR,T,Y2,AZ,2007,71.8
YR,T,Y20,AZ,2007,54.4
YR,T,Y21,AZ,2007,53.4
YR,T,Y22,AZ,2007,52.4
YR,T,Y23,AZ,2007,51.5
YR,T,Y24,AZ,2007,50.5
YR,T,Y25,AZ,2007,49.6
YR,T,Y26,AZ,2007,48.6
YR,T,Y27,AZ,2007,47.7
YR,T,Y28,AZ,2007,46.7
YR,T,Y29,AZ,2007,45.7
YR,T,Y3,AZ,2007,70.9
YR,T,Y30,AZ,2007,44.8
YR,T,Y31,AZ,2007,43.9
YR,T,Y32,AZ,2007,42.9
YR,T,Y33,AZ,2007,42.0
YR,T,Y34,AZ,2007,41.1
YR,T,Y35,AZ,2007,40.1
YR,T,Y36,AZ,2007,39.2
YR,T,Y37,AZ,2007,38.3
YR,T,Y38,AZ,2007,37.3
YR,T,Y39,AZ,2007,36.4
YR,T,Y4,AZ,2007,69.9
YR,T,Y40,AZ,2007,35.5
YR,T,Y41,AZ,2007,34.6
YR,T,Y42,AZ,2007,33.6
YR,T,Y43,AZ,2007,32.7
YR,T,Y44,AZ,2007,31.8
YR,T,Y45,AZ,2007,30.9
YR,T,Y46,AZ,2007,30.0
YR,T,Y47,AZ,2007,29.1
YR,T,Y48,AZ,2007,28.3
YR,T,Y49,AZ,2007,27.4
YR,T,Y5,AZ,2007,69.0
YR,T,Y50,AZ,2007,26.5
YR,T,Y51,AZ,2007,25.6
YR,T,Y52,AZ,2007,24.8
YR,T,Y53,AZ,2007,24.0
YR,T,Y54,AZ,2007,23.2
YR,T,Y55,AZ,2007,22.3
YR,T,Y56,AZ,2007,21.5
YR,T,Y57,AZ,2007,20.7
YR,T,Y58,AZ,2007,20.0
YR,T,Y59,AZ,2007,19.2
YR,T,Y6,AZ,2007,68.0
YR,T,Y60,AZ,2007,18.5
YR,T,Y61,AZ,2007,17.8
YR,T,Y62,AZ,2007,17.1
YR,T,Y63,AZ,2007,16.4
YR,T,Y64,AZ,2007,15.7
YR,T,Y65,AZ,2007,15.0
YR,T,Y66,AZ,2007,14.3
YR,T,Y67,AZ,2007,13.7
YR,T,Y68,AZ,2007,13.1
YR,T,Y69,AZ,2007,12.5
YR,T,Y7,AZ,2007,67.0
YR,T,Y70,AZ,2007,11.9
YR,T,Y71,AZ,2007,11.4
YR,T,Y72,AZ,2007,10.9
YR,T,Y73,AZ,2007,10.4
YR,T,Y74,AZ,2007,9.9
YR,T,Y75,AZ,2007,9.5
YR,T,Y76,AZ,2007,9.0
YR,T,Y77,AZ,2007,8.6
YR,T,Y78,AZ,2007,8.3
YR,T,Y79,AZ,2007,7.9
YR,T,Y8,AZ,2007,66.1
YR,T,Y80,AZ,2007,7.6
YR,T,Y81,AZ,2007,7.4
YR,T,Y82,AZ,2007,7.1
YR,T,Y83,AZ,2007,6.8
YR,T,Y84,AZ,2007,6.4
YR,T,Y9,AZ,2007,65.1
YR,T,Y_GE85,AZ,2007,6.1
YR,T,Y_LT1,AZ,2007,72.8
YR,F,Y1,AZ,2006,75.1
YR,F,Y10,AZ,2006,66.6
YR,F,Y11,AZ,2006,65.6
YR,F,Y12,AZ,2006,64.7
YR,F,Y13,AZ,2006,63.7
YR,F,Y14,AZ,2006,62.7
YR,F,Y15,AZ,2006,61.7
YR,F,Y16,AZ,2006,60.7
YR,F,Y17,AZ,2006,59.7
YR,F,Y18,AZ,2006,58.8
YR,F,Y19,AZ,2006,57.8
YR,F,Y2,AZ,2006,74.3
YR,F,Y20,AZ,2006,56.8
YR,F,Y21,AZ,2006,55.8
YR,F,Y22,AZ,2006,54.9
YR,F,Y23,AZ,2006,53.9
YR,F,Y24,AZ,2006,52.9
YR,F,Y25,AZ,2006,52.0
YR,F,Y26,AZ,2006,51.0
YR,F,Y27,AZ,2006,50.0
YR,F,Y28,AZ,2006,49.1
YR,F,Y29,AZ,2006,48.1
YR,F,Y3,AZ,2006,73.4
YR,F,Y30,AZ,2006,47.1
YR,F,Y31,AZ,2006,46.1
YR,F,Y32,AZ,2006,45.2
YR,F,Y33,AZ,2006,44.2
YR,F,Y34,AZ,2006,43.2
YR,F,Y35,AZ,2006,42.3
YR,F,Y36,AZ,2006,41.3
YR,F,Y37,AZ,2006,40.3
YR,F,Y38,AZ,2006,39.4
YR,F,Y39,AZ,2006,38.4
YR,F,Y4,AZ,2006,72.5
YR,F,Y40,AZ,2006,37.5
YR,F,Y41,AZ,2006,36.5
YR,F,Y42,AZ,2006,35.5
YR,F,Y43,AZ,2006,34.6
YR,F,Y44,AZ,2006,33.6
YR,F,Y45,AZ,2006,32.7
YR,F,Y46,AZ,2006,31.7
YR,F,Y47,AZ,2006,30.8
YR,F,Y48,AZ,2006,29.9
YR,F,Y49,AZ,2006,29.0
YR,F,Y5,AZ,2006,71.5
YR,F,Y50,AZ,2006,28.1
YR,F,Y51,AZ,2006,27.2
YR,F,Y52,AZ,2006,26.3
YR,F,Y53,AZ,2006,25.4
YR,F,Y54,AZ,2006,24.5
YR,F,Y55,AZ,2006,23.6
YR,F,Y56,AZ,2006,22.8
YR,F,Y57,AZ,2006,21.9
YR,F,Y58,AZ,2006,21.1
YR,F,Y59,AZ,2006,20.3
YR,F,Y6,AZ,2006,70.5
YR,F,Y60,AZ,2006,19.5
YR,F,Y61,AZ,2006,18.7
YR,F,Y62,AZ,2006,17.9
YR,F,Y63,AZ,2006,17.2
YR,F,Y64,AZ,2006,16.4
YR,F,Y65,AZ,2006,15.7
YR,F,Y66,AZ,2006,14.9
YR,F,Y67,AZ,2006,14.2
YR,F,Y68,AZ,2006,13.5
YR,F,Y69,AZ,2006,12.9
YR,F,Y7,AZ,2006,69.6
YR,F,Y70,AZ,2006,12.3
YR,F,Y71,AZ,2006,11.7
YR,F,Y72,AZ,2006,11.1
YR,F,Y73,AZ,2006,10.5
YR,F,Y74,AZ,2006,10.0
YR,F,Y75,AZ,2006,9.5
YR,F,Y76,AZ,2006,9.0
YR,F,Y77,AZ,2006,8.5
YR,F,Y78,AZ,2006,8.1
YR,F,Y79,AZ,2006,7.6
YR,F,Y8,AZ,2006,68.6
YR,F,Y80,AZ,2006,7.3
YR,F,Y81,AZ,2006,6.9
YR,F,Y82,AZ,2006,6.5
YR,F,Y83,AZ,2006,6.1
YR,F,Y84,AZ,2006,5.8
YR,F,Y9,AZ,2006,67.6
YR,F,Y_GE85,AZ,2006,5.6
YR,F,Y_LT1,AZ,2006,75.4
YR,M,Y1,AZ,2006,69.9
YR,M,Y10,AZ,2006,61.4
YR,M,Y11,AZ,2006,60.4
YR,M,Y12,AZ,2006,59.4
YR,M,Y13,AZ,2006,58.4
YR,M,Y14,AZ,2006,57.5
YR,M,Y15,AZ,2006,56.5
YR,M,Y16,AZ,2006,55.5
YR,M,Y17,AZ,2006,54.5
YR,M,Y18,AZ,2006,53.6
YR,M,Y19,AZ,2006,52.6
YR,M,Y2,AZ,2006,69.1
YR,M,Y20,AZ,2006,51.7
YR,M,Y21,AZ,2006,50.7
YR,M,Y22,AZ,2006,49.7
YR,M,Y23,AZ,2006,48.8
YR,M,Y24,AZ,2006,47.8
YR,M,Y25,AZ,2006,46.9
YR,M,Y26,AZ,2006,45.9
YR,M,Y27,AZ,2006,45.0
YR,M,Y28,AZ,2006,44.1
YR,M,Y29,AZ,2006,43.1
YR,M,Y3,AZ,2006,68.2
YR,M,Y30,AZ,2006,42.2
YR,M,Y31,AZ,2006,41.3
YR,M,Y32,AZ,2006,40.3
YR,M,Y33,AZ,2006,39.4
YR,M,Y34,AZ,2006,38.5
YR,M,Y35,AZ,2006,37.6
YR,M,Y36,AZ,2006,36.7
YR,M,Y37,AZ,2006,35.7
YR,M,Y38,AZ,2006,34.8
YR,M,Y39,AZ,2006,33.9
YR,M,Y4,AZ,2006,67.2
YR,M,Y40,AZ,2006,33.0
YR,M,Y41,AZ,2006,32.1
YR,M,Y42,AZ,2006,31.2
YR,M,Y43,AZ,2006,30.4
YR,M,Y44,AZ,2006,29.5
YR,M,Y45,AZ,2006,28.6
YR,M,Y46,AZ,2006,27.7
YR,M,Y47,AZ,2006,26.9
YR,M,Y48,AZ,2006,26.0
YR,M,Y49,AZ,2006,25.2
YR,M,Y5,AZ,2006,66.2
YR,M,Y50,AZ,2006,24.3
YR,M,Y51,AZ,2006,23.5
YR,M,Y52,AZ,2006,22.7
YR,M,Y53,AZ,2006,21.9
YR,M,Y54,AZ,2006,21.2
YR,M,Y55,AZ,2006,20.4
YR,M,Y56,AZ,2006,19.7
YR,M,Y57,AZ,2006,19.0
YR,M,Y58,AZ,2006,18.3
YR,M,Y59,AZ,2006,17.6
YR,M,Y6,AZ,2006,65.3
YR,M,Y60,AZ,2006,17.0
YR,M,Y61,AZ,2006,16.3
YR,M,Y62,AZ,2006,15.6
YR,M,Y63,AZ,2006,15.0
YR,M,Y64,AZ,2006,14.4
YR,M,Y65,AZ,2006,13.9
YR,M,Y66,AZ,2006,13.3
YR,M,Y67,AZ,2006,12.7
YR,M,Y68,AZ,2006,12.2
YR,M,Y69,AZ,2006,11.7
YR,M,Y7,AZ,2006,64.3
YR,M,Y70,AZ,2006,11.2
YR,M,Y71,AZ,2006,10.8
YR,M,Y72,AZ,2006,10.3
YR,M,Y73,AZ,2006,9.9
YR,M,Y74,AZ,2006,9.6
YR,M,Y75,AZ,2006,9.3
YR,M,Y76,AZ,2006,8.9
YR,M,Y77,AZ,2006,8.5
YR,M,Y78,AZ,2006,8.3
YR,M,Y79,AZ,2006,8.0
YR,M,Y8,AZ,2006,63.3
YR,M,Y80,AZ,2006,7.7
YR,M,Y81,AZ,2006,7.6
YR,M,Y82,AZ,2006,7.5
YR,M,Y83,AZ,2006,7.3
YR,M,Y84,AZ,2006,7.0
YR,M,Y9,AZ,2006,62.4
YR,M,Y_GE85,AZ,2006,6.9
YR,M,Y_LT1,AZ,2006,70.1
YR,T,Y1,AZ,2006,72.5
YR,T,Y10,AZ,2006,64.0
YR,T,Y11,AZ,2006,63.0
YR,T,Y12,AZ,2006,62.0
YR,T,Y13,AZ,2006,61.0
YR,T,Y14,AZ,2006,60.1
YR,T,Y15,AZ,2006,59.1
YR,T,Y16,AZ,2006,58.1
YR,T,Y17,AZ,2006,57.1
YR,T,Y18,AZ,2006,56.2
YR,T,Y19,AZ,2006,55.2
YR,T,Y2,AZ,2006,71.7
YR,T,Y20,AZ,2006,54.2
YR,T,Y21,AZ,2006,53.3
YR,T,Y22,AZ,2006,52.3
YR,T,Y23,AZ,2006,51.3
YR,T,Y24,AZ,2006,50.4
YR,T,Y25,AZ,2006,49.4
YR,T,Y26,AZ,2006,48.5
YR,T,Y27,AZ,2006,47.5
YR,T,Y28,AZ,2006,46.6
YR,T,Y29,AZ,2006,45.6
YR,T,Y3,AZ,2006,70.8
YR,T,Y30,AZ,2006,44.7
YR,T,Y31,AZ,2006,43.7
YR,T,Y32,AZ,2006,42.8
YR,T,Y33,AZ,2006,41.8
YR,T,Y34,AZ,2006,40.9
YR,T,Y35,AZ,2006,39.9
YR,T,Y36,AZ,2006,39.0
YR,T,Y37,AZ,2006,38.0
YR,T,Y38,AZ,2006,37.1
YR,T,Y39,AZ,2006,36.2
YR,T,Y4,AZ,2006,69.8
YR,T,Y40,AZ,2006,35.3
YR,T,Y41,AZ,2006,34.3
YR,T,Y42,AZ,2006,33.4
YR,T,Y43,AZ,2006,32.5
YR,T,Y44,AZ,2006,31.6
YR,T,Y45,AZ,2006,30.7
YR,T,Y46,AZ,2006,29.8
YR,T,Y47,AZ,2006,28.9
YR,T,Y48,AZ,2006,28.0
YR,T,Y49,AZ,2006,27.1
YR,T,Y5,AZ,2006,68.9
YR,T,Y50,AZ,2006,26.2
YR,T,Y51,AZ,2006,25.4
YR,T,Y52,AZ,2006,24.5
YR,T,Y53,AZ,2006,23.7
YR,T,Y54,AZ,2006,22.9
YR,T,Y55,AZ,2006,22.1
YR,T,Y56,AZ,2006,21.3
YR,T,Y57,AZ,2006,20.5
YR,T,Y58,AZ,2006,19.7
YR,T,Y59,AZ,2006,19.0
YR,T,Y6,AZ,2006,67.9
YR,T,Y60,AZ,2006,18.3
YR,T,Y61,AZ,2006,17.5
YR,T,Y62,AZ,2006,16.8
YR,T,Y63,AZ,2006,16.1
YR,T,Y64,AZ,2006,15.4
YR,T,Y65,AZ,2006,14.8
YR,T,Y66,AZ,2006,14.1
YR,T,Y67,AZ,2006,13.5
YR,T,Y68,AZ,2006,12.9
YR,T,Y69,AZ,2006,12.3
YR,T,Y7,AZ,2006,66.9
YR,T,Y70,AZ,2006,11.7
YR,T,Y71,AZ,2006,11.2
YR,T,Y72,AZ,2006,10.7
YR,T,Y73,AZ,2006,10.2
YR,T,Y74,AZ,2006,9.7
YR,T,Y75,AZ,2006,9.3
YR,T,Y76,AZ,2006,8.9
YR,T,Y77,AZ,2006,8.4
YR,T,Y78,AZ,2006,8.1
YR,T,Y79,AZ,2006,7.7
YR,T,Y8,AZ,2006,65.9
YR,T,Y80,AZ,2006,7.4
YR,T,Y81,AZ,2006,7.0
YR,T,Y82,AZ,2006,6.7
YR,T,Y83,AZ,2006,6.4
YR,T,Y84,AZ,2006,6.1
YR,T,Y9,AZ,2006,65.0
YR,T,Y_GE85,AZ,2006,5.9
YR,T,Y_LT1,AZ,2006,72.8
